"Contract__c","ContractUpdate__c","FreeeSyncStatus__c","InvoiceCreationStatus__c","IsInitialPeriod__c","PeriodEndDate__c","PeriodStartDate__c","RenewalCount__c"
"a04BS000007STJBYA4","月","未連携","未作成","true","","2024-06-01",""
"a04BS000007STJCYA4","月","未連携","未作成","true","2026-06-30","2024-08-01",""
"a04BS000007STJDYA4","月","未連携","未作成","true","2025-02-28","2024-08-01",""
"a04BS000007STJEYA4","月","未連携","未作成","true","","2024-10-01",""
"a04BS000007STJFYA4","年","未連携","未作成","true","2027-03-31","2024-09-01",""
"a04BS000007STJGYA4","月","未連携","未作成","true","","2024-08-01",""
"a04BS000007STJHYA4","月","未連携","未作成","true","","2024-10-01",""
"a04BS000007STJIYA4","月","未連携","未作成","true","2024-12-31","2024-09-01",""
"a04BS000007STJJYA4","月","未連携","未作成","true","2025-03-31","2024-09-01",""
"a04BS000007STJKYA4","月","未連携","未作成","true","","2024-10-01",""
"a04BS000007STJLYA4","月","未連携","未作成","true","","2024-09-01",""
"a04BS000007STJMYA4","月","未連携","未作成","true","2025-03-31","2024-11-01",""
"a04BS000007STJNYA4","月","未連携","未作成","true","2026-01-31","2024-11-01",""
"a04BS000007STJOYA4","月","未連携","未作成","true","","2024-11-01",""
"a04BS000007STJPYA4","月","未連携","未作成","true","2026-05-31","2024-11-01",""
"a04BS000007STJQYA4","月","未連携","未作成","true","2025-10-31","2024-10-01",""
"a04BS000007STJRYA4","月","未連携","未作成","true","2026-10-30","2024-12-01",""
"a04BS000007STJSYA4","月","未連携","未作成","true","2026-10-30","2024-11-01",""
"a04BS000007STJTYA4","月","未連携","未作成","true","2025-12-31","2024-12-01",""
"a04BS000007STJUYA4","月","未連携","未作成","true","","2025-01-01",""
"a04BS000007STJVYA4","月","未連携","未作成","true","","2024-12-01",""
"a04BS000007STJWYA4","月","未連携","未作成","true","2025-07-31","2025-01-01",""
"a04BS000007STJXYA4","月","未連携","未作成","true","2025-05-31","2025-04-01",""
"a04BS000007STJYYA4","月","未連携","未作成","true","","2025-02-01",""
"a04BS000007STJZYA4","月","未連携","未作成","true","","2025-03-01",""
"a04BS000007STJaYAO","月","未連携","未作成","true","","2025-04-01",""
"a04BS000007STJbYAO","月","未連携","未作成","true","2026-02-28","2025-03-01",""
"a04BS000007STJcYAO","月","未連携","未作成","true","2025-04-30","2025-03-01",""
"a04BS000007STJdYAO","月","未連携","未作成","true","2026-02-28","2025-03-01",""
"a04BS000007STJeYAO","年","未連携","未作成","true","2027-01-31","2025-02-01",""
"a04BS000007STJfYAO","月","未連携","未作成","true","","2025-04-01",""
"a04BS000007STJgYAO","月","未連携","未作成","true","2025-04-30","2025-01-01",""
"a04BS000007STJhYAO","年","未連携","未作成","true","2026-07-30","2025-04-01",""
"a04BS000007STJiYAO","月","未連携","未作成","true","","2025-05-01",""
"a04BS000007STJjYAO","月","未連携","未作成","true","2026-04-30","2025-04-01",""
"a04BS000007STJkYAO","月","未連携","未作成","true","2025-05-31","2025-05-01",""
"a04BS000007STJlYAO","月","未連携","未作成","true","2025-05-31","2025-05-01",""
"a04BS000007STJmYAO","月","未連携","未作成","true","","2025-05-01",""
"a04BS000007STJnYAO","月","未連携","未作成","true","","2025-05-01",""
"a04BS000007STJoYAO","月","未連携","未作成","true","2026-04-30","2025-05-01",""
"a04BS000007STJpYAO","月","未連携","未作成","true","2026-05-31","2025-05-01",""
"a04BS000007STJqYAO","月","未連携","未作成","true","","2025-05-01",""
"a04BS000007STJrYAO","月","未連携","未作成","true","2026-05-31","2025-06-01",""
"a04BS000007STJsYAO","月","未連携","未作成","true","","2025-06-01",""
"a04BS000007STJtYAO","月","未連携","未作成","true","","2025-06-01",""
"a04BS000007STJuYAO","月","未連携","未作成","true","2025-05-31","2024-12-01",""
"a04BS000007STJvYAO","月","未連携","未作成","true","2027-03-31","2025-06-01",""
"a04BS000007STJwYAO","月","未連携","未作成","true","","2025-07-01",""
"a04BS000007STJxYAO","月","未連携","未作成","true","2025-11-30","2025-08-01",""
"a04BS000007STJyYAO","月","未連携","未作成","true","2025-10-31","2025-08-01",""
"a04BS000007STJzYAO","月","未連携","未作成","true","","2025-09-01",""
"a04BS000007STK0YAO","月","未連携","未作成","true","2026-01-31","2025-09-01",""
"a04BS000007STK1YAO","月","未連携","未作成","true","","2025-09-01",""
"a04BS000007STK2YAO","月","未連携","未作成","true","","2025-09-01",""
"a04BS000007STK3YAO","月","未連携","未作成","true","","2025-10-01",""
"a04BS000007STK4YAO","月","未連携","未作成","true","2026-03-31","2025-10-01",""
"a04BS000007STK5YAO","月","未連携","未作成","true","2027-03-31","2025-10-01",""
"a04BS000007STK6YAO","年","未連携","未作成","true","2027-03-31","2026-04-01",""
"a04BS000007STK7YAO","年","未連携","未作成","true","2027-03-31","2025-10-01",""
"a04BS000007STK8YAO","年","未連携","未作成","true","2027-03-31","2026-04-01",""
"a04BS000007STK9YAO","年","未連携","未作成","true","2026-08-31","2025-09-01",""
"a04BS000007STKAYA4","月","未連携","未作成","true","2026-01-31","2025-10-01",""
"a04BS000007STKBYA4","月","未連携","未作成","true","","2025-11-01",""
"a04BS000007STKCYA4","月","未連携","未作成","true","2026-03-31","2025-11-01",""
"a04BS000007STKDYA4","月","未連携","未作成","true","","2026-01-01",""
"a04BS000007STKEYA4","月","未連携","未作成","true","","2026-01-01",""
"a04BS000007STKFYA4","月","未連携","未作成","true","","2026-03-01",""
"a04BS000007STKGYA4","年","未連携","未作成","true","2026-12-31","2026-01-01",""
"a04BS000007STKHYA4","月","未連携","未作成","true","","2026-01-01",""
"a04BS000007STKIYA4","年","未連携","未作成","true","2027-03-31","2025-10-01",""
"a04BS000007STKJYA4","年","未連携","未作成","true","2027-03-31","2026-02-01",""
"a04BS000007STKKYA4","月","未連携","未作成","true","2026-03-31","2026-01-01",""
"a04BS000007STKLYA4","年","未連携","未作成","true","","2026-02-01",""
"a04BS000007STKMYA4","月","未連携","未作成","true","","2026-01-01",""
"a04BS000007STKNYA4","月","未連携","未作成","true","","2026-02-01",""
"a04BS000007STKOYA4","年","未連携","未作成","true","2027-04-30","2026-02-01",""
"a04BS000007STKPYA4","年","未連携","未作成","true","2027-03-31","2025-10-01",""
"a04BS000007STKQYA4","月","未連携","未作成","true","","2026-01-01",""
"a04BS000007STKRYA4","月","未連携","未作成","true","","2026-02-01",""
"a04BS000007STKSYA4","月","未連携","未作成","true","2026-02-28","2026-02-01",""
"a04BS000007STKTYA4","月","未連携","未作成","true","","2026-04-01",""
"a04BS000007STKUYA4","月","未連携","未作成","true","","2026-04-01",""
"a04BS000007STKVYA4","年","未連携","未作成","true","2027-02-28","2026-03-01",""
"a04BS000007STKWYA4","月","未連携","未作成","true","","2026-04-01",""
"a04BS000007STKXYA4","月","未連携","未作成","true","","2026-04-01",""
"a04BS000007STKYYA4","月","未連携","未作成","true","","2026-03-01",""
"a04BS000007STKZYA4","月","未連携","未作成","true","","2026-04-01",""
"a04BS000007STKaYAO","年","未連携","未作成","true","2027-03-31","2026-04-01",""
"a04BS000007STKbYAO","月","未連携","未作成","true","","2026-03-01",""
"a04BS000007STKcYAO","月","未連携","未作成","true","","2026-04-01",""
"a04BS000007STKdYAO","月","未連携","未作成","true","","2026-04-01",""
"a04BS000007STKeYAO","月","未連携","未作成","true","","2026-04-01",""
"a04BS000007STKfYAO","月","未連携","未作成","true","","2026-04-01",""
"a04BS000007STKgYAO","月","未連携","未作成","true","","2026-04-01",""
"a04BS000007STKhYAO","月","未連携","未作成","true","","2026-04-01",""
"a04BS000007STKiYAO","月","未連携","未作成","true","","2026-04-01",""
"a04BS000007STKjYAO","月","未連携","未作成","true","","2026-04-01",""
"a04BS000007STKkYAO","年","未連携","未作成","true","2027-03-31","2026-04-01",""
"a04BS000007STKlYAO","年","未連携","未作成","true","2027-03-31","2026-04-01",""
"a04BS000007STKmYAO","月","未連携","未作成","true","","2026-04-01",""
"a04BS000007STKnYAO","月","未連携","未作成","true","","2026-06-01",""
"a04BS000007STKoYAO","年","未連携","未作成","true","2027-04-30","2026-05-01",""
"a04BS000007STKpYAO","月","未連携","未作成","true","","2026-05-01",""
"a04BS000007STKqYAO","月","未連携","未作成","true","","2026-05-01",""
"a04BS000007STKrYAO","年","未連携","未作成","true","2027-05-31","2026-06-01",""
"a04BS000007STKsYAO","月","未連携","未作成","true","","2026-06-01",""
"a04BS000007STKtYAO","年","未連携","未作成","true","2027-03-31","2026-06-01",""
"a04BS000007STKuYAO","月","未連携","未作成","true","","2026-06-01",""
"a04BS000007STKvYAO","年","未連携","未作成","true","2027-05-31","2026-06-01",""
"a04BS000007STKwYAO","年","未連携","未作成","true","2027-05-31","2026-06-01",""
"a04BS000007STKxYAO","月","未連携","未作成","true","2024-09-30","2024-08-01",""
"a04BS000007STKyYAO","月","未連携","未作成","true","2024-10-31","2024-08-01",""
"a04BS000007STJKYA4","月","未連携","未作成","true","2026-02-28","2024-10-01",""
"a04BS000007STL0YAO","月","未連携","未作成","true","2025-05-31","2024-10-01",""
"a04BS000007STJLYA4","月","未連携","未作成","true","","2024-09-01",""
"a04BS000007STL1YAO","月","未連携","未作成","true","2025-09-30","2024-09-01",""
"a04BS000007STL2YAO","月","未連携","未作成","true","2025-02-28","2024-09-01",""
"a04BS000007STL3YAO","月","未連携","未作成","true","","2024-10-01",""
"a04BS000007STL4YAO","月","未連携","未作成","true","2026-05-31","2024-09-01",""
"a04BS000007STL5YAO","月","未連携","未作成","true","","2024-11-01",""
"a04BS000007STL6YAO","月","未連携","未作成","true","2025-02-28","2024-11-01",""
"a04BS000007STL7YAO","年","未連携","未作成","true","2027-01-31","2024-12-01",""
"a04BS000007STL8YAO","月","未連携","未作成","true","2026-02-28","2024-12-01",""
"a04BS000007STL9YAO","月","未連携","未作成","true","","2024-12-01",""
"a04BS000007STLAYA4","月","未連携","未作成","true","2026-02-28","2024-11-01",""
"a04BS000007STLBYA4","月","未連携","未作成","true","","2025-01-01",""
"a04BS000007STLCYA4","月","未連携","未作成","true","2025-08-31","2025-01-01",""
"a04BS000007STLDYA4","月","未連携","未作成","true","2026-03-31","2025-02-01",""
"a04BS000007STLEYA4","月","未連携","未作成","true","","2025-02-01",""
"a04BS000007STLFYA4","月","未連携","未作成","true","2025-02-28","2025-01-01",""
"a04BS000007STLFYA4","月","未連携","未作成","true","","2025-01-01",""
"a04BS000007STLHYA4","月","未連携","未作成","true","","2025-02-01",""
"a04BS000007STLIYA4","月","未連携","未作成","true","2025-12-31","2025-01-01",""
"a04BS000007STLJYA4","月","未連携","未作成","true","","2025-02-01",""
"a04BS000007STLKYA4","月","未連携","未作成","true","2026-01-31","2025-01-01",""
"a04BS000007STLLYA4","月","未連携","未作成","true","","2025-03-01",""
"a04BS000007STLMYA4","月","未連携","未作成","true","2026-06-30","2025-04-01",""
"a04BS000007STLNYA4","月","未連携","未作成","true","2025-06-30","2025-04-01",""
"a04BS000007STLOYA4","月","未連携","未作成","true","2025-05-31","2025-03-01",""
"a04BS000007STLPYA4","月","未連携","未作成","true","2025-12-31","2025-04-01",""
"a04BS000007STLQYA4","月","未連携","未作成","true","2025-04-30","2025-04-01",""
"a04BS000007STLRYA4","月","未連携","未作成","true","2025-12-31","2025-04-01",""
"a04BS000007STLSYA4","月","未連携","未作成","true","2026-03-31","2025-04-01",""
"a04BS000007STLTYA4","月","未連携","未作成","true","2025-10-31","2025-04-01",""
"a04BS000007STLUYA4","月","未連携","未作成","true","2026-06-30","2025-04-01",""
"a04BS000007STLVYA4","月","未連携","未作成","true","","2025-06-01",""
"a04BS000007STLWYA4","月","未連携","未作成","true","2026-05-31","2025-06-01",""
"a04BS000007STLXYA4","月","未連携","未作成","true","","2025-07-01",""
"a04BS000007STLYYA4","月","未連携","未作成","true","","2025-07-01",""
"a04BS000007STLZYA4","月","未連携","未作成","true","2025-10-31","2025-08-01",""
"a04BS000007STLaYAO","月","未連携","未作成","true","","2025-08-01",""
"a04BS000007STLbYAO","月","未連携","未作成","true","","2025-08-01",""
"a04BS000007STLcYAO","月","未連携","未作成","true","2025-12-31","2025-08-01",""
"a04BS000007STLdYAO","月","未連携","未作成","true","2026-03-31","2025-09-01",""
"a04BS000007STLeYAO","月","未連携","未作成","true","","2025-09-01",""
"a04BS000007STLfYAO","月","未連携","未作成","true","2026-02-01","2025-10-01",""
"a04BS000007STLgYAO","月","未連携","未作成","true","2025-10-01","2025-10-01",""
"a04BS000007STLhYAO","月","未連携","未作成","true","","2025-11-01",""
"a04BS000007STLiYAO","月","未連携","未作成","true","","2025-12-01",""
"a04BS000007STLjYAO","月","未連携","未作成","true","","2026-02-01",""
"a04BS000007STLkYAO","月","未連携","未作成","true","","2026-02-01",""
"a04BS000007STLlYAO","月","未連携","未作成","true","2026-04-01","2026-04-01",""
