"AccountId","AccountName","WorkCount","ActivatedContractCount","Contracts"
"001RB00001VTqlZYAT","アイリスチトセ株式会社","1","0",""
"001RB00001VcyFKYAZ","クウジット株式会社","1","0",""
"001RB00001VTCZ9YAP","コクヨ 株式会社","1","0",""
"001RB00001VcyFLYAZ","さいたま家づくりネットワーク事務局","1","0",""
"001RB00001OfTpKYAV","どさんこ不動産","1","0",""
"001RB00001VTrkUYAT","トヨタコニックプロ株式会社","1","0",""
"001RB00001VTCZLYA5","プラス株式会社","2","0",""
"001RB00001VTtIZYA1","リユースせいわ 西和不動産株式会社 栗東店","1","0",""
"001RB00001VTqidYAD","株式会社LIXIL","1","0",""
"001RB00001VTqxQYAT","株式会社アールシーコア","4","2","株式会社アールシーコア(セキュリティオプション月額）[2026-01-01-]; 株式会社アールシーコア[2026-01-01-]"
"001RB00001VTrlAYAT","株式会社アイ・キューブ","1","0",""
"001RB00001VTrxYYAT","株式会社エリオクリエイト","1","1","株式会社エリオクリエイト[2026-06-01-]"
"001RB00001VTqgBYAT","株式会社コスモスイニシア","4","4","株式会社コスモスイニシア　建築本部[2025-10-01-]; 株式会社コスモスイニシア　事業本部（流通事業）[2025-10-01-]; 株式会社コスモスイニシア　流通事業部(セキュリティオプション年払い）[2026-04-01-]; 株式会社コスモスイニシア　建築本部(セキュリティオプション年払い）[2026-04-01-]"
"001RB00001VTrvXYAT","株式会社サンケイビル","1","1","株式会社サンケイビル[2026-04-01-]"
"001RB00001VcyFMYAZ","株式会社スタッコ","1","0",""
"001RB00001VTruAYAT","株式会社デザインアーク","1","2","株式会社デザインアーク[2025-05-01-]; 株式会社デザインアーク　東京本店　東京スペースソリューション第１営業所[2026-06-01-]"
"001RB00001VTtIcYAL","株式会社ハートランド","2","0",""
"001RB00001VTqnMYAT","株式会社石勝エクステリア","1","2","株式会社石勝エクステリア(シングルサインオン分）[2025-10-01-]; 株式会社石勝エクステリア[2025-10-01-]"
"001RB00001VTrGlYAL","株式会社中村不動産開発","1","0",""
"001RB00001VTrvcYAD","近鉄不動産株式会社","2","2","近鉄不動産[2026-04-01-]; 近鉄不動産(セキュリティオプション月額）[2026-04-01-]"
"001RB00001VcyFNYAZ","合同会社髙木秀太事務所 NOI STUDIO","1","0",""
"001RB00001VTqkoYAD","三菱商事 株式会社","1","0",""
"001RB00001VTtIeYAL","松栄不動産株式会社","2","0",""
"001RB00001VcyFOYAZ","神奈川県知事　黒岩　祐治","3","0",""
"001RB00001VcyFPYAZ","帝国不動産株式会社","1","0",""
"001RB00001VTqUVYA1","東急不動産株式会社","4","0",""
"001RB00001VTCYEYA5","野村不動産株式会社","2","2","野村不動産株式会社（シングルサインオン分）[2026-04-01-]; 野村不動産株式会社[2026-04-01-]"
