"sf__Id","sf__Created",Name,ACV__c,ContractUpdate__c,Account__c,Contact__c,Description__c,ExpectedCloseDate__c,LostDate__c,LostReason__c,MRR__c,NextActivityDate__c,NextStep__c,StageName__c,StandardCloseDate__c,StandardProbability__c,StartDate__c,StandardStartDate__c,ExpectedDuration__c
"a08RB00001Z16Q6YAJ","true","[サンプル] EmpowerMove","0.0","月","","","","2025-02-26","2025-02-26","","0.0","","","Closed Lost","2025-02-26","","","",""
"a08RB00001Z16Q7YAJ","true","Renderyエンプラ導入","660000.0","月","001RB00001VTqkLYAT","","","","2025-06-25","Budget shortage - running cost","55000.0","","","Closed Lost","2025-06-25","","","",""
"a08RB00001Z16Q8YAJ","true","さくらホームグループ株式会社 の取引","288000.0","月","001RB00001VTCY7YAP","","","","","","24000.0","2025-09-05","","Prospecting","","","","",""
"a08RB00001Z16Q9YAJ","true","株式会社フジタ","900000.0","月","001RB00001VTrwFYAT","","","","","","75000.0","","","Closed Won","2026-01-29","","","",""
"a08RB00001Z16QAYAZ","true","ハウジング・ジャパン株式会社 の取引","660000.0","月","001RB00001VTCY8YAP","","","","2025-06-02","Needs mismatch","55000.0","","","Closed Lost","2025-06-02","","","",""
"a08RB00001Z16QBYAZ","true","株式会社リロケーション・ジャパン の取引","435600.0","月","001RB00001VTCYAYA5","003RB00001NpNcsYAF","","","","","36300.0","","","Negotiation","","","","",""
"a08RB00001Z16QCYAZ","true","チルホーム株式会社 の取引","105600.0","月","001RB00001VTCYBYA5","003RB00001NpNcuYAF","","","2025-09-04","Key person unreachable","8800.0","","","Closed Lost","2025-09-04","","","",""
"a08RB00001Z16QDYAZ","true","髙松テクノサービス株式会社 の取引","192000.0","月","001RB00001VTCYCYA5","003RB00001NpNcvYAF","","","","","16000.0","","","Closed Won","2025-05-06","","","",""
"a08RB00001Z16QEYAZ","true","有限会社汗青社 の取引","132000.0","月","001RB00001VTCYDYA5","003RB00001NpNcwYAF","","","","","11000.0","2025-11-21","","Prospecting","","","","",""
"a08RB00001Z16QFYAZ","true","野村不動産 Rendery エンプラ導入の取引","2260000.0","月","001RB00001VTCYEYA5","003RB00001NsWvhYAF","","2026-03-12","","","180000.0","2026-03-11","","Closed Won","2026-03-11","","","",""
"a08RB00001Z16QGYAZ","true","サムティアセットマネジメント株式会社","145200.0","月","001RB00001VTqarYAD","","","","","","12100.0","","","ValueProposition","","","","",""
"a08RB00001Z16QHYAZ","true","株式会社現代建築研究所 の取引","0.0","月","001RB00001VTqasYAD","003RB00001NsMQcYAN","","","2025-10-15","No agreement on issue or setup","0.0","","","Closed Lost","2025-10-15","","","",""
"a08RB00001Z16QIYAZ","true","ユニオンテック株式会社 の取引","316800.0","月","001RB00001VTCZSYA5","","","","","","26400.0","2025-12-17","","Closed Lost","","","","",""
"a08RB00001Z16QJYAZ","true","西日本旅客鉄道株式会社　金沢支社　金沢建築区 の取引","66000.0","月","001RB00001VTqaZYAT","","","","","","5500.0","","","Closed Won","2025-11-26","","","",""
"a08RB00001Z16QKYAZ","true","三菱商事 の取引","0.0","月","001RB00001VTqkoYAD","003RB00001NsMQdYAN","","","","","0.0","","","Negotiation","","","","",""
"a08RB00001Z16QLYAZ","true","株式会社三福管理センター の取引","726000.0","月","001RB00001VTqatYAD","003RB00001NsMQeYAN","","","","","60500.0","","","Closed Won","2025-10-20","","","",""
"a08RB00001Z16QMYAZ","true","株式会社ケイミックス の取引","105600.0","月","001RB00001VTqauYAD","","","","2025-08-28","Key person unreachable","8800.0","","","Closed Lost","2025-08-28","","","",""
"a08RB00001Z16QNYAZ","true","株式会社オーナーズ・スタイル の取引","0.0","月","001RB00001VTqj2YAD","003RB00001NsNIIYA3","","","2025-06-16","Out of scope","0.0","","","Closed Lost","2025-06-16","","","",""
"a08RB00001Z16QOYAZ","true","三井不動産レジデンシャルリース株式会社(ソリ推)の取引","1320000.0","月","001RB00001VTqbXYAT","003RB00001NsMpCYAV","","","","","110000.0","","","Closed Won","2025-09-18","","","",""
"a08RB00001Z16QPYAZ","true","TC神鋼不動産株式会社 の取引","145200.0","月","001RB00001VTqfsYAD","003RB00001NsMpuYAF","","","","","12100.0","","","Closed Won","2025-06-26","","","",""
"a08RB00001Z16QQYAZ","true","不動産業 の取引","0.0","月","001RB00001VTqkGYAT","003RB00001NsMpRYAV","","","2025-06-15","Needs mismatch","0.0","","","Closed Lost","2025-06-15","","","",""
"a08RB00001Z16QRYAZ","true","Nowhere Group株式会社 の取引","316800.0","月","001RB00001VTqlRYAT","","","","","","26400.0","","","Closed Lost","","","","",""
"a08RB00001Z16QSYAZ","true","株式会社リペア の取引","0.0","月","001RB00001VTqklYAD","003RB00001NsNJKYA3","","","","","0.0","","","Closed Lost","","","","",""
"a08RB00001Z16QTYAZ","true","株式会社ひかり工務店 の取引","105600.0","月","001RB00001VTqkmYAD","003RB00001NsWvpYAF","","","","","8800.0","","","Closed Won","2025-07-04","","","",""
"a08RB00001Z16QUYAZ","true","株式会社オークハウス（本社） の取引","0.0","月","001RB00001VTqkkYAD","","","","2025-10-09","Needs mismatch","0.0","","","Closed Lost","2025-10-09","","","",""
"a08RB00001Z16QVYAZ","true","中央日本土地建物株式会社 の取引","660000.0","月","001RB00001VTqkJYAT","003RB00001NsWwfYAF","","","2026-01-05","Support or track record concern","55000.0","","","Closed Lost","2026-01-05","","","",""
"a08RB00001Z16QWYAZ","true","株式会社レーベントラスト の取引","726000.0","月","001RB00001VTqbqYAD","","","","","","60500.0","2025-12-15","","Closed Won","2025-08-28","","","",""
"a08RB00001Z16QXYAZ","true","矢作建設工業株式会社 の取引","660000.0","月","001RB00001VTqlfYAD","","","","","","55000.0","","","Closed Won","2025-06-12","","","",""
"a08RB00001Z16QYYAZ","true","三井不動産レジデンシャルリース株式会社 の取引","2244000.0","月","001RB00001VTqbXYAT","003RB00001NsN9uYAF","","","2025-10-15","Competitor comparison","187000.0","","","Closed Lost","2025-10-15","","","",""
"a08RB00001Z16QZYAZ","true","東急建設株式会社 の取引","105600.0","月","001RB00001VTrseYAD","003RB00001NsWvBYAV","","","","","8800.0","2025-08-04","","ValueProposition","","","","",""
"a08RB00001Z16QaYAJ","true","一条工務店 の取引","211200.0","月","001RB00001VTqbnYAD","003RB00001NsMbLYAV","","","","","17600.0","","","Closed Won","2025-08-05","","","",""
"a08RB00001Z16QbYAJ","true","株式会社コスモスイニシア の取引","145200.0","月","001RB00001VTqgBYAT","003RB00001NsMqHYAV","","","2025-10-15","Needs mismatch","12100.0","","","Closed Lost","2025-10-15","","","",""
"a08RB00001Z16QcYAJ","true","株式会社賃貸メイト の取引","2244000.0","月","001RB00001VTqlmYAD","003RB00001NsNcjYAF","","","2025-08-29","Competitor comparison","187000.0","","","Closed Lost","2025-08-29","","","",""
"a08RB00001Z16QdYAJ","true","株式会社ゼンリン東海 の取引","0.0","月","001RB00001VTqdzYAD","003RB00001NsMc9YAF","","","","","0.0","","","Prospecting","","","","",""
"a08RB00001Z16QeYAJ","true","株式会社クラッチワークス の取引","0.0","月","001RB00001VTqb9YAD","","","","","","0.0","2025-10-20","","Negotiation","","","","",""
"a08RB00001Z16QfYAJ","true","株式会社オープンハウス・ディベロップメント の取引","0.0","月","001RB00001VTqV6YAL","003RB00001NsNctYAF","","","2025-08-28","Timing mismatch","0.0","","","Closed Lost","2025-08-28","","","",""
"a08RB00001Z16QgYAJ","true","株式会社ゴールドクレスト の取引","660000.0","月","001RB00001VTrOfYAL","","","","","","55000.0","","","ValueProposition","","","","",""
"a08RB00001Z16QhYAJ","true","東建コーポレーション株式会社 の取引","726000.0","月","001RB00001VTrxGYAT","003RB00001NsMbAYAV","","","2025-09-03","Out of scope","60500.0","","","Closed Lost","2025-09-03","","","",""
"a08RB00001Z16QiYAJ","true","株式会社クラス の取引","105600.0","月","001RB00001VTqkSYAT","","","","","","8800.0","","","Closed Won","2025-09-08","","","",""
"a08RB00001Z16QjYAJ","true","生和コーポレーション株式会社 の取引","105600.0","月","001RB00001VTqmcYAD","","","","","","8800.0","2026-03-01","","Closed Won","2025-11-10","","","",""
"a08RB00001Z16QkYAJ","true","株式会社アル.パートナーズ建築設計 の取引","316800.0","月","001RB00001VTqlvYAD","003RB00001NsWvtYAF","","","","","26400.0","2026-02-25","","Prospecting","","","","",""
"a08RB00001Z16QlYAJ","true","株式会社グローバルセンター の取引","145200.0","月","001RB00001VTqm2YAD","","","","","","12100.0","","","Closed Won","2025-07-16","","","",""
"a08RB00001Z16QmYAJ","true","株式会社B-PROJECT の取引","792000.0","月","001RB00001VTqm7YAD","003RB00001NsV8TYAV","","","","","66000.0","","","Closed Won","2025-09-01","","","",""
"a08RB00001Z16QnYAJ","true","アイリスチトセ株式会社 の取引","600000.0","月","001RB00001VTqlZYAT","","","2026-03-01","2026-04-22","Key person unreachable","50000.0","","","Closed Lost","2026-04-22","","","",""
"a08RB00001Z16QoYAJ","true","株式会社白水社 の取引","2440000.0","月","001RB00001VTqm4YAD","","","2026-07-01","","","195000.0","2026-04-01","","ValueProposition","","","","",""
"a08RB00001Z16QpYAJ","true","プラナス株式会社一級建築士事務所 の取引","66000.0","月","001RB00001VTqmCYAT","","","","","","5500.0","2025-07-28","","Closed Won","2025-08-28","","","",""
"a08RB00001Z16QqYAJ","true","大東建託株式会社 の取引","1584000.0","月","001RB00001VTruMYAT","","","","","","132000.0","","","Closed Won","2025-07-24","","","",""
"a08RB00001Z16QrYAJ","true","株式会社アルファ建築設計事務所 の取引","105600.0","月","001RB00001VTqnBYAT","","","","","","8800.0","","","Closed Won","2025-07-15","","","",""
"a08RB00001Z16QsYAJ","true","株式会社JR東日本建築設計 の取引","105600.0","月","001RB00001VTrHVYA1","","","","","","8800.0","","","Closed Won","2025-07-15","","","",""
"a08RB00001Z16QtYAJ","true","株式会社石勝エクステリア の取引","1780000.0","月","001RB00001VTqnMYAT","","","","","","140000.0","","","Closed Won","2025-10-02","","","",""
"a08RB00001Z16QuYAJ","true","株式会社アットオフィス の取引","660000.0","月","001RB00001VTqlgYAD","","","","","","55000.0","","","Closed Won","2025-10-17","","","",""
"a08RB00001Z16QvYAJ","true","株式会社マルク の取引","726000.0","月","001RB00001VTqlrYAD","","","","","","60500.0","","","Closed Won","2025-07-18","","","",""
"a08RB00001Z16QwYAJ","true","Atelier Ohtaki architecture の取引","66000.0","月","001RB00001VTqmGYAT","","","","","","5500.0","","","Closed Won","2025-07-18","","","",""
"a08RB00001Z16QxYAJ","true","JOA株式会社 の取引","660000.0","月","001RB00001VTqmBYAT","003RB00001NsWwPYAV","","","","","55000.0","","","Closed Won","2025-08-22","","","",""
"a08RB00001Z16QyYAJ","true","ホームトレードセンター株式会社 の取引","145200.0","月","001RB00001VTqnbYAD","","","","","","12100.0","","","Closed Won","2025-07-25","","","",""
"a08RB00001Z16QzYAJ","true","株式会社日立プラントサービス の取引","1320000.0","月","001RB00001VTqnJYAT","","","2026-06-01","2026-05-22","Needs mismatch","110000.0","2026-02-16","","Closed Lost","2026-05-22","","","",""
"a08RB00001Z16R0YAJ","true","エコワークス の取引","145200.0","月","001RB00001VTqjqYAD","003RB00001NsShHYAV","","","","","12100.0","","","Prospecting","","","","",""
"a08RB00001Z16R1YAJ","true","戸田建設株式会社 Upsell の取引","396000.0","月","001RB00001VTrmnYAD","","","","","","33000.0","","","Closed Won","2025-07-30","","","",""
"a08RB00001Z16R2YAJ","true","ノムラメディアス の取引","1056000.0","月","001RB00001VTCZGYA5","","","","","","88000.0","2025-11-19","","Prospecting","","","","",""
"a08RB00001Z16R3YAJ","true","プラス株式会社ファニチャーカンパニー の取引","924000.0","月","001RB00001VTCZPYA5","","","2026-03-01","","","77000.0","","","Closed Lost","","","","",""
"a08RB00001Z16R4YAJ","true","乃村工藝社 の取引","900000.0","月","001RB00001VTCZZYA5","","","2026-06-01","","","75000.0","","","ValueProposition","","","","",""
"a08RB00001Z16R5YAJ","true","株式会社 アイエス不動産 の取引","162700.0","月","001RB00001VTqnrYAD","","","","","","12100.0","","","Closed Won","2025-08-06","","","",""
"a08RB00001Z16R6YAJ","true","株式会社飯田組 の取引","211200.0","月","001RB00001VTrvIYAT","","","","","","17600.0","","","Closed Won","2025-10-08","","","",""
"a08RB00001Z16R7YAJ","true","株式会社ディア・ライフ の取引","0.0","月","001RB00001VTqkeYAD","","","","","","0.0","","","Closed Lost","","","","",""
"a08RB00001Z16R8YAJ","true","清水建設株式会社 の取引","660000.0","月","001RB00001VTrvxYAD","","","","","","55000.0","","","Closed Lost","","","","",""
"a08RB00001Z16R9YAJ","true","大東建託株式会社 の取引","0.0","月","001RB00001VTruMYAT","","","","2025-11-28","Needs mismatch","0.0","","","Closed Lost","2025-11-28","","","",""
"a08RB00001Z16RAYAZ","true","TOPPAN株式会社 の取引","0.0","月","001RB00001VTqb8YAD","","","","","","0.0","","","Negotiation","","","","",""
"a08RB00001Z16RBYAZ","true","東急不動産ホールディングス株式会社/東急不動産株式会社 の取引","2640000.0","月","001RB00001VTqkvYAD","","","","","","220000.0","","","ValueProposition","","","","",""
"a08RB00001Z16RCYAZ","true","大林ファシリティーズ株式会社 の取引","105600.0","月","001RB00001VTqjfYAD","","","","","","8800.0","2025-08-20","","Closed Won","2025-08-20","","","",""
"a08RB00001Z16RDYAZ","true","TBCグループ株式会社 の取引","0.0","月","001RB00001VTqnXYAT","003RB00001NsV40YAF","","","","","0.0","","","Closed Lost","","","","",""
"a08RB00001Z16REYAZ","true","Asplead株式会社 の取引","211200.0","月","001RB00001VTqnvYAD","003RB00001NsUI3YAN","","2026-03-30","","","17600.0","","","Closed Won","2026-03-25","","","",""
"a08RB00001Z16RFYAZ","true","三菱地所レジデンス の取引","211200.0","月","001RB00001VTqf7YAD","","","","","","17600.0","","","Closed Won","2026-01-08","","","",""
"a08RB00001Z16RGYAZ","true","TOPPAN株式会社 の取引","211200.0","月","001RB00001VTqb8YAD","","","","","","17600.0","2025-12-19","","Closed Lost","","","","",""
"a08RB00001Z16RHYAZ","true","ビルド・ワークス の取引","105600.0","月","001RB00001VTqnwYAD","003RB00001NsUI5YAN","","","","","8800.0","","","Closed Won","2025-09-01","","","",""
"a08RB00001Z16RIYAZ","true","YAF の取引","0.0","月","001RB00001VTqnxYAD","","","","","","0.0","2026-02-24","","Closed Lost","","","","",""
"a08RB00001Z16RJYAZ","true","清水建設株式会社(スマートシティ) の取引","660000.0","月","001RB00001VTrvxYAD","","","","","","55000.0","2025-11-05","","Prospecting","","","","",""
"a08RB00001Z16RKYAZ","true","東京建物株式会社 の取引","0.0","月","001RB00001VTqf9YAD","","","","","","0.0","","","Closed Lost","","","","",""
"a08RB00001Z16RLYAZ","true","大成建設株式会社 の取引","1320000.0","月","001RB00001VTqblYAD","003RB00001NsWwiYAF","","","2025-11-17","Needs mismatch","110000.0","","","Closed Lost","2025-11-17","","","",""
"a08RB00001Z16RMYAZ","true","生和コーポレーション株式会社(関東) の取引","0.0","月","001RB00001VTqmcYAD","003RB00001NsVxXYAV","","","","","0.0","","","Closed Lost","","","","",""
"a08RB00001Z16RNYAZ","true","株式会社ユタカコーポレーション の取引","3500.0","月","001RB00001VTqnzYAD","003RB00001NsUICYA3","","","","","0.0","","","Closed Won","2025-09-24","","","",""
"a08RB00001Z16ROYAZ","true","ソーシャルインテリア の取引","900000.0","月","001RB00001VTqo0YAD","","","","2026-05-26","No agreement on issue or setup","75000.0","2025-12-17","","Closed Lost","2026-05-26","","","",""
"a08RB00001Z16RPYAZ","true","東京海上日動ファシリティーズ株式会社 の取引","900000.0","月","001RB00001VTqnUYAT","","","","","","75000.0","2025-12-10","","Closed Lost","","","","",""
"a08RB00001Z16RQYAZ","true","株式会社ほりきり太郎不動産 の取引","3500.0","月","001RB00001VTqoCYAT","003RB00001NsUIXYA3","","","","","0.0","","","Closed Won","2025-09-24","","","",""
"a08RB00001Z16RRYAZ","true","株式会社エイブル","290000.0","月","001RB00001VTrKGYA1","","","","","","0.0","","","Closed Won","2025-10-03","","","",""
"a08RB00001Z16RSYAZ","true","生和コーポレーション株式会社(西日本支社)","1800000.0","月","001RB00001VTqmcYAD","","","","","","150000.0","","","Closed Lost","","","","",""
"a08RB00001Z16RTYAZ","true","日鉄興和不動産株式会社","2340000.0","月","001RB00001VTrnKYAT","","","2026-02-13","","","195000.0","2026-01-06","","Closed Won","2026-02-12","","","",""
"a08RB00001Z16RUYAZ","true","相鉄アーバンクリエイツ　西口事業部 の取引","105600.0","月","001RB00001VTqs2YAD","003RB00001NsWwjYAF","","","","","8800.0","","","Closed Lost","","","","",""
"a08RB00001Z16RVYAZ","true","日本社宅サービス株式会社","0.0","月","001RB00001VTqvSYAT","003RB00001NsUcsYAF","","","","","0.0","","","Qualification","","","","",""
"a08RB00001Z16RWYAZ","true","株式会社JPMC","0.0","月","001RB00001VTqoXYAT","","","","","","0.0","","","Prospecting","","","","",""
"a08RB00001Z16RXYAZ","true","森ビル株式会社 の取引","105600.0","月","001RB00001VTqWFYA1","003RB00001NsVhqYAF","","2026-03-01","","","8800.0","","","Closed Won","2026-03-12","","","",""
"a08RB00001Z16RYYAZ","true","三弘建築事務所株式会社","672000.0","月","001RB00001VTqxpYAD","","","2026-03-01","2026-05-21","Customer concern unresolved","56000.0","","","Closed Lost","2026-05-21","","","",""
"a08RB00001Z16RZYAZ","true","株式会社大阪ガスファシリティーズ の取引","0.0","月","001RB00001VTqxqYAD","003RB00001NsVhrYAF","","","2026-01-21","","0.0","","","Closed Lost","2026-01-21","","","",""
"a08RB00001Z16RaYAJ","true","TR-Archi Office の取引","0.0","月","001RB00001VTqnPYAT","","","","","","0.0","","","Closed Lost","","","","",""
"a08RB00001Z16RbYAJ","true","東急建設株式会社","0.0","月","001RB00001VTrseYAD","","","","","","0.0","2025-10-24","","ValueProposition","","","","",""
"a08RB00001Z16RcYAJ","true","福井コンピュータースマート株式会社","0.0","月","001RB00001VTqxrYAD","","","","","","0.0","2026-01-16","","Closed Won","","","","",""
"a08RB00001Z16RdYAJ","true","三越伊勢丹プロパティデザイン株式会社","528000.0","月","001RB00001VTqxsYAD","","","","","","44000.0","","","Closed Won","2025-12-17","","","",""
"a08RB00001Z16ReYAJ","true","株式会社住研川越 の取引","145200.0","月","001RB00001VTqxtYAD","003RB00001NsVhuYAF","","","","","12100.0","","","Closed Won","2025-11-04","","","",""
"a08RB00001Z16RfYAJ","true","荏原環境プラント株式会社 の取引","2390000.0","月","001RB00001VTqxuYAD","003RB00001NsVhvYAF","","2026-05-01","","","170000.0","","","Negotiation","","","","",""
"a08RB00001Z16RgYAJ","true","株式会社ホープハウスシステム の取引","0.0","月","001RB00001VTqliYAD","003RB00001NsNceYAF","","","","","0.0","","","Prospecting","","","","",""
"a08RB00001Z1G65YAF","true","株式会社ビヨンドボーダーズ の取引","0.0","月","001RB00001VTqxvYAD","003RB00001NsVhwYAF","","","2026-02-25","Needs mismatch","0.0","","","Closed Lost","2026-02-25","","","",""
"a08RB00001Z1G66YAF","true","株式会社brackets の取引","105600.0","月","001RB00001VTqxwYAD","003RB00001NsWwlYAF","","","","","8800.0","","","Prospecting","","","","",""
"a08RB00001Z1G67YAF","true","株式会社エムアールビジネス の取引","0.0","月","001RB00001VTqxxYAD","003RB00001NsVi3YAF","","","","","0.0","","","Negotiation","","","","",""
"a08RB00001Z1G68YAF","true","株式会社ホープハウスシステム","0.0","月","001RB00001VTqliYAD","003RB00001NsNceYAF","","","","","0.0","","","Negotiation","","","","",""
"a08RB00001Z1G69YAF","true","株式会社店研創意","900000.0","月","001RB00001VTqxyYAD","","","2026-04-01","","","75000.0","2025-12-17","","ValueProposition","","","","",""
"a08RB00001Z1G6AYAV","true","株式会社FUNC DESIGN の取引","105600.0","月","001RB00001VTqxzYAD","003RB00001NsWwmYAF","","","","","8800.0","","","Prospecting","","","","",""
"a08RB00001Z1G6BYAV","true","株式会社サイバーエージェント の取引","316800.0","月","001RB00001VTqy0YAD","003RB00001NsVi5YAF","","","","","26400.0","","","Closed Lost","","","","",""
"a08RB00001Z1G6CYAV","true","豊通ファシリティーズ株式会社 の取引","105600.0","月","001RB00001VTqy1YAD","003RB00001NsWwnYAF","","","","","8800.0","","","Closed Won","2026-01-05","","","",""
"a08RB00001Z1G6DYAV","true","東急リバブル株式会社","1800000.0","月","001RB00001VTqy2YAD","","","2026-04-01","","","150000.0","2026-01-14","","ValueProposition","","","","",""
"a08RB00001Z1G6EYAV","true","株式会社アルテ","1584000.0","月","001RB00001VTqy3YAD","","","","2026-01-04","Support or track record concern","132000.0","","","Closed Lost","2026-01-04","","","",""
"a08RB00001Z1G6FYAV","true","8175 STUDIO の取引","105600.0","月","001RB00001VTqy4YAD","003RB00001NsVi6YAF","","2026-04-15","","","8800.0","","","Closed Lost","","","","",""
"a08RB00001Z1G6GYAV","true","株式会社日企設計","460800.0","月","001RB00001VTqy6YAD","","","2026-02-20","","","38400.0","","","Closed Lost","","","","",""
"a08RB00001Z1G6HYAV","true","地盤ネット株式会社 の取引","422400.0","月","001RB00001VTrtxYAD","003RB00001NsMP3YAN","","","","","35200.0","","","Prospecting","","","","",""
"a08RB00001Z1G6IYAV","true","株式会社Lakke の取引","145200.0","月","001RB00001VTqy7YAD","003RB00001NsWwpYAF","","","","","12100.0","","","Closed Won","2025-11-10","","","",""
"a08RB00001Z1G6JYAV","true","株式会社ササキハウス の取引","145200.0","月","001RB00001VTreSYAT","003RB00001NsWwqYAF","","","","","12100.0","","","Closed Won","2025-11-24","","","",""
"a08RB00001Z1G6KYAV","true","生和コーポレーション株式会社 Update","1800000.0","月","001RB00001VTqmcYAD","","","","","","150000.0","","","ValueProposition","","","","",""
"a08RB00001Z1G6LYAV","true","群馬セキスイハイム株式会社","211200.0","月","001RB00001VTrvkYAD","","","2026-03-01","","","17600.0","","","Negotiation","","","","",""
"a08RB00001Z1G6MYAV","true","石友ホーム株式会社 の取引","0.0","月","001RB00001VTrdXYAT","003RB00001NsViZYAV","","","","","0.0","","","Prospecting","","","","",""
"a08RB00001Z1G6NYAV","true","JR九州コンサルタンツ株式会社","105600.0","月","001RB00001VTqnyYAD","003RB00001NsUI8YAN","","","","","8800.0","","","Closed Won","2025-11-14","","","",""
"a08RB00001Z1G6OYAV","true","ハゼモト建設株式会社","726000.0","月","001RB00001VTqyAYAT","003RB00001NsViCYAV","","","","","60500.0","","","Closed Won","2025-11-17","","","",""
"a08RB00001Z1G6PYAV","true","(株)ビ・ハウス","528000.0","月","001RB00001VTqyTYAT","003RB00001NsWwyYAF","","","","","44000.0","2025-11-17","","Closed Lost","","","","",""
"a08RB00001Z1G6QYAV","true","株式会社IAO竹田設計 の取引","0.0","月","001RB00001VTr0JYAT","","","","","","0.0","","","Closed Lost","","","","",""
"a08RB00001Z1G6RYAV","true","イナバインターナショナル株式会社 の取引","900000.0","月","001RB00001VTr0MYAT","003RB00001NsVidYAF","","","","","75000.0","","","Closed Lost","","","","",""
"a08RB00001Z1G6SYAV","true","株式会社THREE","211200.0","月","001RB00001VTr0KYAT","003RB00001NsVibYAF","","","","","17600.0","","","Closed Won","2025-11-21","","","",""
"a08RB00001Z1G6TYAV","true","株式会社オフィスネット","211200.0","月","001RB00001VTrFnYAL","","","","","","17600.0","","","Prospecting","","","","",""
"a08RB00001Z1G6UYAV","true","株式会社エドケンハウス の取引","0.0","月","001RB00001VTrFoYAL","","","","2026-03-02","Budget shortage - initial or migration cost","0.0","","","Closed Lost","2026-03-02","","","",""
"a08RB00001Z1G6VYAV","true","株式会社スタジオ・ノア の取引","105600.0","月","001RB00001VTrFpYAL","003RB00001NsWx3YAF","","","","","8800.0","","","Prospecting","","","","",""
"a08RB00001Z1G6WYAV","true","株式会社アイリン の取引","211200.0","月","001RB00001VTqnPYAT","003RB00001NsVigYAF","","","","","17600.0","","","Prospecting","","","","",""
"a08RB00001Z1G6XYAV","true","三井住友建設 の取引","105600.0","月","001RB00001VTqeXYAT","","","","","","8800.0","2026-03-17","","Closed Won","2026-03-24","","","",""
"a08RB00001Z1G6YYAV","true","株式会社エサキホーム の取引","0.0","月","001RB00001VTrFqYAL","003RB00001NsViiYAF","","","","","0.0","","","ValueProposition","","","","",""
"a08RB00001Z1G6ZYAV","true","株式会社ケン・プロパティマネジメント","145200.0","月","001RB00001VTrGkYAL","","","","","","12100.0","","","Closed Won","2025-11-28","","","",""
"a08RB00001Z1G6aYAF","true","株式会社エドケンハウス","105600.0","月","001RB00001VTrFoYAL","","","","","","8800.0","","","Prospecting","","","","",""
"a08RB00001Z1G6bYAF","true","創建ホーム株式会社","1008000.0","月","001RB00001VTrm3YAD","","","2026-04-30","","","84000.0","2026-03-03","","Closed Won","2026-06-04","","","",""
"a08RB00001Z1G6cYAF","true","株式会社中村不動産開発","145200.0","月","001RB00001VTrGlYAL","003RB00001NsVoeYAF","","","","","12100.0","","","Closed Won","2025-12-08","","","",""
"a08RB00001Z1G6dYAF","true","オフィスコム株式会社","211200.0","月","001RB00001VTrGnYAL","003RB00001NsWx6YAF","","2026-03-01","","","17600.0","2026-02-09","","ValueProposition","","","","",""
"a08RB00001Z1G6eYAF","true","株式会社丹青社","316800.0","月","001RB00001VTr2tYAD","","","2026-07-01","","","26400.0","2025-12-16","","ValueProposition","","","","",""
"a08RB00001Z1G6fYAF","true","田中土建工業株式会社","844800.0","月","001RB00001VTqnhYAD","","","","","","70400.0","","","Prospecting","","","","",""
"a08RB00001Z1G6gYAF","true","東急株式会社","0.0","月","001RB00001VTrs0YAD","","","","","","0.0","","","ValueProposition","","","","",""
"a08RB00001Z1G6hYAF","true","株式会社竹中工務店","900000.0","月","001RB00001VTrmaYAD","","","2026-07-01","","","75000.0","","","Prospecting","","","","",""
"a08RB00001Z1G6iYAF","true","大京穴吹不動産株式会社","1122000.0","月","001RB00001VTrUmYAL","","","","","","93500.0","","","ValueProposition","","","","",""
"a08RB00001Z1G6jYAF","true","信和不動産株式会社 の取引","2450000.0","月","001RB00001VTrGoYAL","","","2026-06-01","","","175000.0","","","Negotiation","","","","",""
"a08RB00001Z1G6kYAF","true","株式会社ひなたや の取引","105600.0","月","001RB00001VTrGqYAL","003RB00001NsVomYAF","","","","","8800.0","","","Closed Lost","","","","",""
"a08RB00001Z1G6lYAF","true","株式会社キムラタン の取引","7000.0","月","001RB00001VTrUQYA1","","","","","","0.0","","","Closed Won","2026-01-05","","","",""
"a08RB00001Z1G6mYAF","true","大東建託株式会社 流通設計部","3240000.0","月","001RB00001VTruMYAT","","","2026-07-22","","","270000.0","2026-04-21","","ValueProposition","","","","",""
"a08RB00001Z1G6nYAF","true","前田建設工業株式会社","900000.0","月","001RB00001VTrvVYAT","003RB00001NsLcHYAV","","","","","75000.0","","","Closed Won","2026-01-15","","","",""
"a08RB00001Z1G6oYAF","true","（株）えん道エステート の取引","0.0","月","001RB00001VTqmIYAT","003RB00001NsWwQYAV","","","","","0.0","","","Qualification","","","","",""
"a08RB00001Z1G6pYAF","true","柏井建設 株式会社","900000.0","月","001RB00001VTrI5YAL","","","2026-03-05","","","75000.0","","","Closed Won","2026-03-05","","","",""
"a08RB00001Z1G6qYAF","true","株式会社エディオン","0.0","月","001RB00001VTrURYA1","","","","2026-02-13","Timing mismatch","0.0","","","Closed Lost","2026-02-13","","","",""
"a08RB00001Z1G6rYAF","true","株式会社 トーケン","1056000.0","月","001RB00001VTrHrYAL","003RB00001NsLbNYAV","","2026-03-01","","","88000.0","","","Closed Won","2026-02-27","","","",""
"a08RB00001Z1G6sYAF","true","株式会社紀伊國屋書店","480000.0","月","001RB00001VTrUSYA1","","","2026-03-17","","","40000.0","2026-01-27","","Closed Won","2026-03-17","","","",""
"a08RB00001Z1G6tYAF","true","ヤマハ株式会社","0.0","月","001RB00001VTrPrYAL","","","","","","0.0","","","Closed Lost","","","","",""
"a08RB00001Z1G6uYAF","true","コンチネンタルホーム株式会社","316800.0","月","001RB00001VTqgHYAT","","","2026-03-16","","","26400.0","","","Closed Won","2026-03-16","","","",""
"a08RB00001Z1G6vYAF","true","京王建設株式会社 の取引","0.0","月","001RB00001VTrUTYA1","003RB00001NsLbQYAV","","","","","0.0","","","Prospecting","","","","",""
"a08RB00001Z1G6wYAF","true","テスト","0.0","月","","","","","","","0.0","","","Closed Won","2025-12-25","","","",""
"a08RB00001Z1G6xYAF","true","株式会社アールシーコア","3350000.0","月","","","","","","","250000.0","","","Closed Won","2026-01-16","","","",""
"a08RB00001Z1G6yYAF","true","株式会社REデザイン の取引","361200.0","月","","","","2026-09-01","","","17600.0","","","ValueProposition","","","","",""
"a08RB00001Z1G6zYAF","true","株式会社長谷工コーポレーション","900000.0","月","","","","","","","75000.0","","","Closed Lost","","","","",""
"a08RB00001Z1G70YAF","true","ナックハウスパートナー 株式会社","356400.0","月","","","","","","","29700.0","","","Prospecting","","","","",""
"a08RB00001Z1G71YAF","true","ジェイアール東海コンサルタンツ株式会社 の取引","0.0","月","","","","2026-03-30","","","0.0","","","Qualification","","","","",""
"a08RB00001Z1G72YAF","true","Metricon株式会社","0.0","月","","","","","","","0.0","","","Qualification","","","","",""
"a08RB00001Z1G73YAF","true","阪急阪神不動産","1360000.0","月","","","","2026-06-01","","","105000.0","","","Negotiation","","","","",""
"a08RB00001Z1G74YAF","true","エスコンリビングサービス取引","3500.0","月","","","","","","","0.0","","","ValueProposition","","","","",""
"a08RB00001Z1G75YAF","true","YKK AP 株式会社","1800000.0","月","","","","2026-05-01","","","150000.0","2026-04-15","","Closed Lost","","","","",""
"a08RB00001Z1G76YAF","true","くらし研究室の取引","0.0","月","","","","","","","0.0","","","Prospecting","","","","",""
"a08RB00001Z1G77YAF","true","株式会社大伸社ディライト の取引","211200.0","月","","","","2026-04-01","","","17600.0","","","Negotiation","","","","",""
"a08RB00001Z1G78YAF","true","株式会社 えん道エステート","0.0","月","","","","","2026-03-16","Needs mismatch","0.0","","","Closed Lost","2026-03-16","","","",""
"a08RB00001Z1G79YAF","true","京王建設株式会社","0.0","月","","","","","","","0.0","","","Prospecting","","","","",""
"a08RB00001Z1G7AYAV","true","個人 の取引","0.0","月","","","","","","","0.0","","","Closed Won","2025-07-07","","","",""
"a08RB00001Z1G7BYAV","true","公益財団法人・NPO等RIM系団体 の取引","5500.0","月","","","","","","","0.0","","","Closed Won","2025-05-23","","","",""
"a08RB00001Z1G7CYAV","true","DEF BAUM の取引","5500.0","月","","","","","","","0.0","","","Closed Won","2025-08-12","","","",""
"a08RB00001Z1G7DYAV","true","横松建設株式会社 等 の取引","8800.0","月","","","","","","","0.0","","","Closed Won","2025-04-22","","","",""
"a08RB00001Z1G7EYAV","true","個人 の取引","0.0","月","","","","","","","0.0","","","Closed Won","2025-09-05","","","",""
"a08RB00001Z1G7FYAV","true","IB設計 の取引","8800.0","月","","","","","","","0.0","","","Closed Won","2025-03-02","","","",""
"a08RB00001Z1G7GYAV","true","株式会社ひかり工務店 の取引","0.0","月","","","","","","","0.0","","","Closed Won","2025-06-24","","","",""
"a08RB00001Z1G7HYAV","true","個人 の取引","8800.0","月","","","","","","","0.0","","","Closed Won","2025-04-04","","","",""
"a08RB00001Z1G7IYAV","true","個人 の取引","8800.0","月","","","","","","","0.0","","","Closed Won","2025-02-19","","","",""
"a08RB00001Z1G7JYAV","true","秋好建築設計事務所 の取引","8800.0","月","","","","","","","0.0","","","Closed Won","2025-02-27","","","",""
"a08RB00001Z1G7KYAV","true","IB設計 の取引","8800.0","月","","","","","","","0.0","","","Closed Won","2025-03-02","","","",""
"a08RB00001Z1G7LYAV","true","個人 の取引","0.0","月","","","","","","","0.0","","","Closed Won","2025-09-05","","","",""
"a08RB00001Z1G7MYAV","true","有限会社ジャモアソシエイツ の取引","8800.0","月","","","","","","","0.0","","","Closed Won","2025-03-31","","","",""
"a08RB00001Z1G7NYAV","true","の取引","0.0","月","","","","","","","0.0","","","Closed Won","2025-12-19","","","",""
"a08RB00001Z1G7OYAV","true","プロバイダ型ドメイン の取引","8800.0","月","","","","","","","0.0","","","Closed Won","2025-09-01","","","",""
"a08RB00001Z1G7PYAV","true","横松建設株式会社 等 の取引","8800.0","月","","","","","","","0.0","","","Closed Won","2025-04-22","","","",""
"a08RB00001Z1G7QYAV","true","株式会社JTBアセットマネジメント の取引","0.0","月","","","","","","","0.0","","","Closed Won","2025-11-11","","","",""
"a08RB00001Z1G7RYAV","true","ゴールドクレスト株式会社 の取引","8800.0","月","","","","","","","0.0","","","Closed Won","2025-05-14","","","",""
"a08RB00001Z1G7SYAV","true","株式会社WIZU の取引","17600.0","月","","","","","","","0.0","","","Closed Won","2025-09-17","","","",""
"a08RB00001Z1G7TYAV","true","株式会社テンランド の取引","8800.0","月","","","","","","","0.0","","","Closed Won","2025-06-23","","","",""
"a08RB00001Z1G7UYAV","true","個人 の取引","8800.0","月","","","","","","","0.0","","","Closed Won","2025-07-14","","","",""
"a08RB00001Z1G7VYAV","true","株式会社ぷららネットワークス の取引","8800.0","月","","","","","","","0.0","","","Closed Won","2025-06-29","","","",""
"a08RB00001Z1G7WYAV","true","個人 の取引","8800.0","月","","","","","","","0.0","","","Closed Won","2025-07-09","","","",""
"a08RB00001Z1G7XYAV","true","mizuiro architects 一級建築士事務所 の取引","0.0","月","","","","","","","0.0","","","Closed Won","2025-07-20","","","",""
"a08RB00001Z1G7YYAV","true","株式会社ライフステージ の取引","17600.0","月","","","","","","","0.0","","","Closed Won","2025-07-11","","","",""
"a08RB00001Z1G7ZYAV","true","個人 の取引","8800.0","月","","","","","","","0.0","","","Closed Won","2025-07-14","","","",""
"a08RB00001Z1G7aYAF","true","個人 の取引","8800.0","月","","","","","","","0.0","","","Closed Won","2025-07-15","","","",""
"a08RB00001Z1G7bYAF","true","野村不動産ホールディングス株式会社 の取引","8800.0","月","","","","","","","0.0","","","Closed Won","2025-07-18","","","",""
"a08RB00001Z1G7cYAF","true","Apple Inc. の取引","8800.0","月","","","","","","","0.0","","","Closed Won","2025-11-21","","","",""
"a08RB00001Z1G7dYAF","true","昭和建設株式会社 等 の取引","17600.0","月","","","","","","","0.0","","","Closed Won","2025-09-24","","","",""
"a08RB00001Z1G7eYAF","true","個人 の取引","0.0","月","","","","","","","0.0","","","Closed Won","2025-09-01","","","",""
"a08RB00001Z1G7fYAF","true","株式会社一条工務店 の取引","0.0","月","","","","","","","0.0","","","Closed Won","2025-08-29","","","",""
"a08RB00001Z1G7gYAF","true","夢企工 の取引","8800.0","月","","","","","","","0.0","","","Closed Won","2025-09-04","","","",""
"a08RB00001Z1G7hYAF","true","個人 の取引","8800.0","月","","","","","","","0.0","","","Closed Won","2025-11-13","","","",""
"a08RB00001Z1G7iYAF","true","の取引","8800.0","月","","","","","","","0.0","","","Closed Won","2025-12-17","","","",""
"a08RB00001Z1G7jYAF","true","㈱ライフステージ の取引","17600.0","月","","","","","","","0.0","","","Closed Won","2025-07-11","","","",""
"a08RB00001Z1G7kYAF","true","の取引","0.0","月","","","","","","","0.0","","","Closed Won","2025-12-19","","","",""
"a08RB00001Z1G7lYAF","true","株式会社リアルゲイト","1800000.0","月","","","","2026-05-01","2026-05-19","Needs mismatch","150000.0","2026-03-18","","Closed Lost","2026-05-19","","","",""
"a08RB00001Z1G7mYAF","true","株式会社NTTファシリティーズ の取引","1800000.0","月","","","","2026-06-02","","","150000.0","","","Closed Won","2026-05-29","","","",""
"a08RB00001Z1G7nYAF","true","フロアマイスター株式会社 の取引","105600.0","月","","","","","","","8800.0","2026-02-25","","Qualification","","","","",""
"a08RB00001Z1G7oYAF","true","大和ハウス工業 株式会社","900000.0","月","","","","","2026-05-25","Needs mismatch","75000.0","","","Closed Lost","2026-05-25","","","",""
"a08RB00001Z1G7pYAF","true","株式会社グッドライフ の取引","1800000.0","月","","","","2026-06-23","","","150000.0","2026-03-06","","Prospecting","","","","",""
"a08RB00001Z1G7qYAF","true","株式会社ReGo","145200.0","月","","","","","","","12100.0","","","Closed Won","2026-01-31","","","",""
"a08RB00001Z1G7rYAF","true","東京ガスリノベーション株式会社","145200.0","月","","","","","","","12100.0","","","Prospecting","","","","",""
"a08RB00001Z1G7sYAF","true","笹木産業株式会社","0.0","月","","","","","","","0.0","","","Qualification","","","","",""
"a08RB00001Z1G7tYAF","true","ヒューリックプロパティソリューション株式会社","2450000.0","月","","","","2026-05-14","","","175000.0","","","ValueProposition","","","","",""
"a08RB00001Z1G7uYAF","true","株式会社田中建設 の取引","0.0","月","","","","","","","0.0","","","Qualification","","","","",""
"a08RB00001Z1G7vYAF","true","京阪電鉄不動産株式会社","105600.0","月","","","","","","","8800.0","2026-02-25","","Qualification","","","","",""
"a08RB00001Z1G7wYAF","true","株式会社久保建築設計 の取引","900000.0","月","","","","","","","75000.0","","","Qualification","","","","",""
"a08RB00001Z1G7xYAF","true","北斗工業エンヂニアリング　株式会社 の取引","0.0","月","","","","","","","0.0","","","Qualification","","","","",""
"a08RB00001Z1G7yYAF","true","東宝ハウス調布","726000.0","月","","","","","","","60500.0","","","Closed Won","2026-02-02","","","",""
"a08RB00001Z1G7zYAF","true","株式会社 未来建築工房 の取引","0.0","月","","","","","","","0.0","","","Qualification","","","","",""
"a08RB00001Z1G80YAF","true","ジーク株式会社","900000.0","月","","","","","","","75000.0","","","Closed Won","2026-01-26","","","",""
"a08RB00001Z1G81YAF","true","株式会社さくら総合地所","0.0","月","","","","","","","0.0","2026-04-23","","Prospecting","","","","",""
"a08RB00001Z1G82YAF","true","株式会社田中建設","0.0","月","","","","","","","0.0","","","Prospecting","","","","",""
"a08RB00001Z1G83YAF","true","亀飼遼太 様","0.0","月","","","","","","","0.0","","","Closed Lost","","","","",""
"a08RB00001Z1G84YAF","true","(株)ビ・ハウス","0.0","月","","","","","","","0.0","","","Closed Lost","","","","",""
"a08RB00001Z1G85YAF","true","Act Amuse Japan 株式会社","0.0","月","","","","","","","0.0","2026-06-01","","Prospecting","","","","",""
"a08RB00001Z1G86YAF","true","realize の取引","0.0","月","","","","","","","0.0","","","Qualification","","","","",""
"a08RB00001Z1G87YAF","true","Phantom株式会社","211200.0","月","","","","","","","17600.0","","","Closed Won","2026-01-29","","","",""
"a08RB00001Z1G88YAF","true","梅林建設株式会社 の取引","900000.0","月","","","","2026-05-31","","","75000.0","","","Closed Won","2026-05-20","","","",""
"a08RB00001Z1G89YAF","true","株式会社小林創建","105600.0","月","","","","","","","8800.0","","","Prospecting","","","","",""
"a08RB00001Z1G8AYAV","true","東建コーポレーション株式会社","211200.0","月","","","","","","","17600.0","","","Prospecting","","","","",""
"a08RB00001Z1G8BYAV","true","錢高組","316800.0","月","","","","2026-02-06","","","26400.0","","","Closed Won","2026-02-04","","","",""
"a08RB00001Z1G8CYAV","true","トヨタコニックプロ株式会社 の取引","1360000.0","月","","","","2026-05-01","","","105000.0","","","Negotiation","","","","",""
"a08RB00001Z1G8DYAV","true","株式会社おきなわアセットブリッジ","145200.0","月","","","","","","","12100.0","","","Prospecting","","","","",""
"a08RB00001Z1G8EYAV","true","相鉄不動産株式会社","1800000.0","月","","","","2026-05-27","","","150000.0","2026-03-17","","ValueProposition","","","","",""
"a08RB00001Z1G8FYAV","true","株式会社E・M・LUMBER","105600.0","月","","","","","","","8800.0","","","Closed Won","2026-02-09","","","",""
"a08RB00001Z1G8GYAV","true","株式会社小河原建設 の取引","105600.0","月","","","","2026-04-30","","","8800.0","","","Closed Lost","","","","",""
"a08RB00001Z1G8HYAV","true","ストレッチテント・カンパニー","105600.0","月","","","","2026-02-06","","","8800.0","","","Closed Won","2026-02-09","","","",""
"a08RB00001Z1G8IYAV","true","トヨタコニックプロ株式会社","528000.0","月","","","","","","","44000.0","","","Prospecting","","","","",""
"a08RB00001Z1G8JYAV","true","三井不動産レジデンシャルリース株式会社(ソリ推)のCS","1584000.0","月","","","","","","","132000.0","","","Prospecting","","","","",""
"a08RB00001Z1G8KYAV","true","錢高組","316800.0","月","","","","2026-02-06","","","26400.0","","","ValueProposition","","","","",""
"a08RB00001Z1G8LYAV","true","日鉄興和不動産株式会社（S)","2340000.0","月","","","","2026-03-31","","","195000.0","","","Prospecting","","","","",""
"a08RB00001Z1G8MYAV","true","株式会社B-PROJECT の取引 (B)","792000.0","月","","","","","2026-04-22","No response or other reason","66000.0","","","Closed Lost","2026-04-22","","","",""
"a08RB00001Z1G8NYAV","true","株式会社アールシーコア","0.0","月","","","","","","","0.0","","","Prospecting","","","","",""
"a08RB00001Z1G8OYAV","true","株式会社フジタ(A)","900000.0","月","","","","","","","75000.0","","","ValueProposition","","","","",""
"a08RB00001Z1G8PYAV","true","株式会社石勝エクステリア の取引 (A)","1780000.0","月","","","","","","","140000.0","","","ValueProposition","","","","",""
"a08RB00001Z1G8QYAV","true","iFIND株式会社","1584000.0","月","","","","","","","132000.0","","","Closed Won","2025-04-30","","","",""
"a08RB00001Z1G8RYAV","true","iFIND株式会社 (アイリスグループ)","1584000.0","月","","","","","2026-04-21","No response or other reason","132000.0","","","Closed Lost","2026-04-21","","","",""
"a08RB00001Z1G8SYAV","true","東急リゾーツ&ステイ株式会社","1188000.0","月","","","","","","","99000.0","","","Closed Won","2024-11-12","","","",""
"a08RB00001Z1G8TYAV","true","東急リゾーツ&ステイ株式会社 (S)","1188000.0","月","","","","","","","99000.0","","","ValueProposition","","","","",""
"a08RB00001Z1G8UYAV","true","大東建託株式会社 流通設計部 (コピー)","180000.0","月","","","","2026-04-01","","","15000.0","","","Closed Won","2026-02-13","","","",""
"a08RB00001Z1G8VYAV","true","サンフロンティア不動産株式会社","900000.0","月","","","","","","","75000.0","","","ValueProposition","","","","",""
"a08RB00001Z1G8WYAV","true","大和財託株式会社(A)","1800000.0","月","","","","","","","150000.0","","","ValueProposition","","","","",""
"a08RB00001Z1G8XYAV","true","株式会社ルミネ","105600.0","月","","","","2026-04-15","","","8800.0","2026-02-15","","Closed Won","2026-04-13","","","",""
"a08RB00001Z1G8YYAV","true","株式会社夢のおてつだい","660000.0","月","","","","","","","55000.0","","","Closed Won","2026-02-19","","","",""
"a08RB00001Z1G8ZYAV","true","株式会社久家設計事務所","105600.0","月","","","","","","","8800.0","","","Closed Won","2026-03-10","","","",""
"a08RB00001Z1G8aYAF","true","株式会社アースウィンド","105600.0","月","","","","2026-03-13","","","8800.0","","","ValueProposition","","","","",""
"a08RB00001Z1G8bYAF","true","福岡地所株式会社","105600.0","月","","","","","2026-03-12","Needs mismatch","8800.0","2026-02-25","","Closed Lost","2026-03-12","","","",""
"a08RB00001Z1G8cYAF","true","東邦レオ 株式会社","0.0","月","","","","2026-03-01","2026-03-05","Needs mismatch","0.0","","","Closed Lost","2026-03-05","","","",""
"a08RB00001Z1G8dYAF","true","株式会社サンケイビル","840000.0","月","","","","2026-03-11","","","70000.0","","","Closed Won","2026-03-23","","","",""
"a08RB00001Z1G8eYAF","true","47内装株式会社(B)","900000.0","月","","","","","","","75000.0","2026-05-31","","Closed Lost","","","","",""
"a08RB00001Z1G8fYAF","true","関西不動産販売株式会社","900000.0","月","","","","","2026-03-12","Budget shortage - initial or migration cost","75000.0","2026-02-26","","Closed Lost","2026-03-12","","","",""
"a08RB00001Z1G8gYAF","true","株式会社スタイルテック総合計画","900000.0","月","","","","2026-04-01","","","75000.0","","","Closed Won","2026-04-03","","","",""
"a08RB00001Z1G8hYAF","true","矢作建設工業株式会社(B)","900000.0","月","","","","","","","75000.0","","","Prospecting","","","","",""
"a08RB00001Z1G8iYAF","true","株式会社フロンティアコンサルティング","460000.0","月","","","","2026-03-31","","","30000.0","","","Applove","","","","",""
"a08RB00001Z1G8jYAF","true","株式会社建創社 の取引","0.0","月","","","","","","","0.0","","","Qualification","","","","",""
"a08RB00001Z1G8kYAF","true","三井不動産株式会社","1800000.0","月","","","","2026-04-01","2026-06-01","Needs mismatch","150000.0","2026-02-20","","Closed Lost","2026-06-01","","","",""
"a08RB00001Z1G8lYAF","true","NOD&W","105600.0","月","","","","2026-04-30","","","8800.0","","","Closed Lost","","","","",""
"a08RB00001Z1G8mYAF","true","明石建築設計事務所 の取引","105600.0","月","","","","2026-03-20","","","8800.0","","","Closed Lost","","","","",""
"a08RB00001Z1G8nYAF","true","三菱地所レジデンス　株式会社","576000.0","月","","","","2026-06-01","","","48000.0","","","Applove","","","","",""
"a08RB00001Z1G8oYAF","true","（株）トピアホーム","422400.0","月","","","","2026-07-01","","","35200.0","","","ValueProposition","","","","",""
"a08RB00001Z1G8pYAF","true","アイリスオーヤマ株式会社(S)","1080000.0","月","","","","","","","90000.0","","","Prospecting","","","","",""
"a08RB00001Z1G8qYAF","true","8Y8 の取引","316800.0","月","","","","2026-04-30","","","26400.0","","","Closed Lost","","","","",""
"a08RB00001Z1G8rYAF","true","前田建設工業 株式会社(S)","900000.0","月","","","","","2026-04-01","Support or track record concern","75000.0","","","Closed Lost","2026-04-01","","","",""
"a08RB00001Z1G8sYAF","true","CREATIVETREE","3500.0","月","","","","","2026-03-16","Customer concern unresolved","0.0","","","Closed Lost","2026-03-16","","","",""
"a08RB00001Z1G8tYAF","true","株式会社a-tech","316800.0","月","","","","2026-06-01","","","26400.0","","","ValueProposition","","","","",""
"a08RB00001Z1G8uYAF","true","株式会社コロワイド","900000.0","月","","","","","","","75000.0","","","Prospecting","","","","",""
"a08RB00001Z1G8vYAF","true","株式会社　渡辺工務店","105600.0","月","","","","2026-04-08","","","8800.0","","","ValueProposition","","","","",""
"a08RB00001Z1G8wYAF","true","有限会社　めかる設計","0.0","月","","","","","","","0.0","","","Prospecting","","","","",""
"a08RB00001Z1G8xYAF","true","マーケットクリエイティブ株式会社","105600.0","月","","","","2026-03-20","","","8800.0","","","Closed Lost","","","","",""
"a08RB00001Z1G8yYAF","true","株式会社ONE　HOUSE","105600.0","月","","","","2026-03-13","","","8800.0","","","Closed Lost","","","","",""
"a08RB00001Z1G8zYAF","true","苅田建設工業","0.0","月","","","","","","","0.0","","","Closed Lost","","","","",""
"a08RB00001Z1G90YAF","true","株式会社宮工房","0.0","月","","","","","","","0.0","","","Closed Lost","","","","",""
"a08RB00001Z1G91YAF","true","株式会社サンアイ岡本","0.0","月","","","","","","","0.0","2026-04-03","","Closed Lost","","","","",""
"a08RB00001Z1G92YAF","true","柏井建設株式会社　建築設計部（B)","900000.0","月","","","","","","","75000.0","","","Prospecting","","","","",""
"a08RB00001Z1G93YAF","true","株式会社アイ・キューブ","900000.0","月","","","","2026-04-01","","","75000.0","","","Prospecting","","","","",""
"a08RB00001Z1G94YAF","true","花菱不動産株式会社","211200.0","月","","","","2026-03-20","","","17600.0","","","Closed Won","2026-03-13","","","",""
"a08RB00001Z1G95YAF","true","株式会社　東日本朝日株式会社","105600.0","月","","","","2026-03-20","","","8800.0","","","Prospecting","","","","",""
"a08RB00001Z1G96YAF","true","株式会社コンセプション","105600.0","月","","","","2026-03-06","","","8800.0","","","Closed Won","2026-03-06","","","",""
"a08RB00001Z1G97YAF","true","オフィスナビ株式会社","105600.0","月","","","","2026-03-31","","","8800.0","","","Closed Won","2026-03-11","","","",""
"a08RB00001Z1G98YAF","true","デザインスタジオ BOTH SIDES","0.0","月","","","","","","","0.0","","","Prospecting","","","","",""
"a08RB00001Z1G99YAF","true","文化財保存活用計画株式会社","0.0","月","","","","","","","0.0","","","Prospecting","","","","",""
"a08RB00001Z1G9AYAV","true","株式会社MYAT の取引","105600.0","月","","","","2026-03-26","","","8800.0","","","Closed Won","2026-05-13","","","",""
"a08RB00001Z1G9BYAV","true","株式会社WAKA","316800.0","月","","","","2026-04-15","","","26400.0","","","Qualification","","","","",""
"a08RB00001Z1G9CYAV","true","株式会社アーバンスペース","0.0","月","","","","","","","0.0","2026-04-01","","ValueProposition","","","","",""
"a08RB00001Z1G9DYAV","true","日本アセットアドバンス株式会社","0.0","月","","","","","","","0.0","","","Qualification","","","","",""
"a08RB00001Z1G9EYAV","true","野村不動産株式会社(S)","1800000.0","月","","","","","","","150000.0","","","Closed Lost","","","","",""
"a08RB00001Z1G9FYAV","true","株式会社WIZU","0.0","月","","","","","","","0.0","","","Prospecting","","","","",""
"a08RB00001Z1G9GYAV","true","森ビル株式会社","1800000.0","月","","","","2026-05-01","","","150000.0","","","ValueProposition","","","","",""
"a08RB00001Z1G9HYAV","true","近鉄不動産株式会社","3530000.0","月","","","","2026-04-01","","","265000.0","2026-03-12","","Closed Won","2026-04-10","","","",""
"a08RB00001Z1G9IYAV","true","FUJITA の取引","1680000.0","月","","","","2026-03-26","","","140000.0","","","Closed Won","2026-04-15","","","",""
"a08RB00001Z1G9JYAV","true","株式会社日本プロテック","0.0","月","","","","","","","0.0","","","Qualification","","","","",""
"a08RB00001Z1G9KYAV","true","AURLA","0.0","月","","","","","","","0.0","","","Qualification","","","","",""
"a08RB00001Z1G9LYAV","true","Egg design works","0.0","月","","","","","","","0.0","","","Qualification","","","","",""
"a08RB00001Z1G9MYAV","true","アーキエムズグループ株式会社","0.0","月","","","","","","","0.0","","","Qualification","","","","",""
"a08RB00001Z1G9NYAV","true","第一建設株式会社","0.0","月","","","","","","","0.0","","","Qualification","","","","",""
"a08RB00001Z1G9OYAV","true","軒軒設計一級建築士事務所","0.0","月","","","","","","","0.0","","","Qualification","","","","",""
"a08RB00001Z1G9PYAV","true","株式会社シータ","0.0","月","","","","","","","0.0","2026-03-27","","Qualification","","","","",""
"a08RB00001Z1G9QYAV","true","有限会社双建工業","316800.0","月","","","","2026-04-30","","","26400.0","2026-04-01","","Prospecting","","","","",""
"a08RB00001Z1G9RYAV","true","遠藤友羅","0.0","月","","","","","","","0.0","","","Qualification","","","","",""
"a08RB00001Z1G9SYAV","true","森ビル株式会社設計部","316800.0","月","","","","","2026-04-02","Needs mismatch","26400.0","","","Closed Lost","2026-04-02","","","",""
"a08RB00001Z1G9TYAV","true","LOLT","0.0","月","","","","","","","0.0","","","Qualification","","","","",""
"a08RB00001Z1G9UYAV","true","武田利佳","0.0","月","","","","","","","0.0","","","Qualification","","","","",""
"a08RB00001Z1G9VYAV","true","れん","0.0","月","","","","","","","0.0","","","Qualification","","","","",""
"a08RB00001Z1G9WYAV","true","ファブリックスアート","0.0","月","","","","","","","0.0","","","Qualification","","","","",""
"a08RB00001Z1G9XYAV","true","花十色","0.0","月","","","","","","","0.0","","","Qualification","","","","",""
"a08RB00001Z1G9YYAV","true","日本アセットアドバンス株式会社","145200.0","月","","","","","","","12100.0","","","Prospecting","","","","",""
"a08RB00001Z1G9ZYAV","true","ＨＴリフォ株式会社","0.0","月","","","","","","","0.0","","","Qualification","","","","",""
"a08RB00001Z1G9aYAF","true","（株）リアルトハーツ","0.0","月","","","","","","","0.0","2026-03-16","","Qualification","","","","",""
"a08RB00001Z1G9bYAF","true","ろ","0.0","月","","","","","","","0.0","","","Qualification","","","","",""
"a08RB00001Z1G9cYAF","true","株式会社レイズコーポレーション","0.0","月","","","","","","","0.0","","","Qualification","","","","",""
"a08RB00001Z1G9dYAF","true","㈱エー・ディー・ウォール","0.0","月","","","","","","","0.0","","","Qualification","","","","",""
"a08RB00001Z1G9eYAF","true","相模湖basshouse","0.0","月","","","","","","","0.0","","","Qualification","","","","",""
"a08RB00001Z1G9fYAF","true","株式会社リビング住販","0.0","月","","","","","","","0.0","","","ValueProposition","","","","",""
"a08RB00001Z1G9gYAF","true","株式会社J.フロントプライムスペース","1800000.0","月","","","","2026-08-01","","","150000.0","","","Prospecting","","","","",""
"a08RB00001Z1G9hYAF","true","株式会社MUJI HOUSE","422400.0","月","","","","2026-05-01","","","35200.0","","","Negotiation","","","","",""
"a08RB00001Z1G9iYAF","true","東急建設株式会社","0.0","月","","","","","","","0.0","","","Qualification","","","","",""
"a08RB00001Z1G9jYAF","true","タマホーム株式会社","900000.0","月","","","","2026-04-30","","","75000.0","","","ValueProposition","","","","",""
"a08RB00001Z1G9kYAF","true","株式会社フケタ設計 の取引","105600.0","月","","","","2026-04-15","","","8800.0","","","Prospecting","","","","",""
"a08RB00001Z1G9lYAF","true","エムザジャパン株式会社","0.0","月","","","","","","","0.0","2026-03-19","","Qualification","","","","",""
"a08RB00001Z1G9mYAF","true","株式会社とくら建築設計社","105600.0","月","","","","","","","8800.0","","","Closed Won","2026-03-25","","","",""
"a08RB00001Z1G9nYAF","true","丹羽 洋文","105600.0","月","","","","2026-03-23","","","8800.0","","","Closed Won","2026-03-23","","","",""
"a08RB00001Z1G9oYAF","true","株式会社佐野修建築設計事務所","105600.0","月","","","","2026-03-20","","","8800.0","","","Closed Won","2026-03-23","","","",""
"a08RB00001Z1G9pYAF","true","&labo.","105600.0","月","","","","2026-03-11","","","8800.0","","","Closed Won","2026-03-23","","","",""
"a08RB00001Z1G9qYAF","true","H.Sakamoto","66000.0","月","","","","2026-03-23","","","5500.0","","","Closed Won","2026-03-23","","","",""
"a08RB00001Z1G9rYAF","true","悠 小林","105600.0","月","","","","2026-03-03","","","8800.0","","","Closed Won","2026-03-23","","","",""
"a08RB00001Z1G9sYAF","true","株式会社アークドラフト","211200.0","月","","","","","","","17600.0","2026-03-24","","Closed Won","2026-03-24","","","",""
"a08RB00001Z1G9tYAF","true","株式会社デザインアーク東京スペースソリューション第１営業所(S)","360000.0","月","","","","2026-03-12","","","30000.0","","","Prospecting","","","","",""
"a08RB00001Z1G9uYAF","true","株式会社フロンティアコンサルティング（S)","0.0","月","","","","","","","0.0","","","Prospecting","","","","",""
"a08RB00001Z1G9vYAF","true","株式会社サン創芸","0.0","月","","","","","","","0.0","2026-03-25","","Prospecting","","","","",""
"a08RB00001Z1G9wYAF","true","株式会社京屋","0.0","月","","","","","","","0.0","2026-03-25","","Prospecting","","","","",""
"a08RB00001Z1G9xYAF","true","Soo-create","0.0","月","","","","","","","0.0","","","Prospecting","","","","",""
"a08RB00001Z1G9yYAF","true","株式会社バトンデザイン","0.0","月","","","","2026-04-30","","","0.0","","","Prospecting","","","","",""
"a08RB00001Z1G9zYAF","true","三井住友建設株式会社","1800000.0","月","","","","2026-06-01","","","150000.0","","","ValueProposition","","","","",""
"a08RB00001Z1GA0YAN","true","株式会社ジョイフル本田","0.0","月","","","","","2026-04-01","Support or track record concern","0.0","","","Closed Lost","2026-04-01","","","",""
"a08RB00001Z1GA1YAN","true","愛知株式会社","105600.0","月","","","","2026-04-29","","","8800.0","2026-04-13","","Closed Won","2026-04-24","","","",""
"a08RB00001Z1GA2YAN","true","戸田建設株式会社","1260000.0","月","","","","","","","105000.0","","","Prospecting","","","","",""
"a08RB00001Z1GA3YAN","true","株式会社ジョイフル本田","900000.0","月","","","","","2026-03-30","Key person unreachable","75000.0","","","Closed Lost","2026-03-30","","","",""
"a08RB00001Z1GA4YAN","true","JOA株式会社","0.0","月","","","","","","","0.0","","","Prospecting","","","","",""
"a08RB00001Z1GA5YAN","true","株式会社前田工務店","900000.0","月","","","","","","","75000.0","","","Closed Lost","","","","",""
"a08RB00001Z1GA6YAN","true","株式会社ジーク","900000.0","月","","","","","","","75000.0","","","Prospecting","","","","",""
"a08RB00001Z1GA7YAN","true","東急不動産ホールディングス株式会社/東急不動産株式会社（S)","3420000.0","月","","","","","2026-05-29","Support or track record concern","285000.0","","","Closed Lost","2026-05-29","","","",""
"a08RB00001Z1GA8YAN","true","株式会社サンテン・コーポレーション","0.0","月","","","","","","","0.0","","","Qualification","","","","",""
"a08RB00001Z1GA9YAN","true","株式会社ABC店舗","0.0","月","","","","","","","0.0","","","Qualification","","","","",""
"a08RB00001Z1GAAYA3","true","亜利 渡辺","105600.0","月","","","","","","","8800.0","","","Closed Won","2026-03-30","","","",""
"a08RB00001Z1GABYA3","true","東京建物株式会社","2660000.0","月","","","","2026-08-01","","","205000.0","2026-05-15","","ValueProposition","","","","",""
"a08RB00001Z1GACYA3","true","株式会社ecoaハウス","900000.0","月","","","","2026-04-01","","","75000.0","","","Closed Won","2026-04-09","","","",""
"a08RB00001Z1GADYA3","true","株式会社フォーデック の取引","422400.0","月","","","","2026-04-30","","","35200.0","2026-04-13","","ValueProposition","","","","",""
"a08RB00001Z1GAEYA3","true","株式会社KOGA設計 の取引","316800.0","月","","","","","","","26400.0","2026-04-10","","Closed Lost","","","","",""
"a08RB00001Z1GAFYA3","true","株式会社建築工房時温","0.0","月","","","","","","","0.0","","","Qualification","","","","",""
"a08RB00001Z1GAGYA3","true","アルデ　アーキテクト＆アソシエイツ","105600.0","月","","","","2026-04-22","","","8800.0","","","ValueProposition","","","","",""
"a08RB00001Z1GAHYA3","true","アルスホーム株式会社","2700000.0","月","","","","","","","225000.0","","","ValueProposition","","","","",""
"a08RB00001Z1GAIYA3","true","小河建築設計事務所","211200.0","月","","","","2026-04-22","","","17600.0","","","ValueProposition","","","","",""
"a08RB00001Z1GAJYA3","true","株式会社蔵王建設","105600.0","月","","","","","","","8800.0","","","ValueProposition","","","","",""
"a08RB00001Z1GAKYA3","true","福島県インテリアコーディネーター協会","0.0","月","","","","","","","0.0","","","Qualification","","","","",""
"a08RB00001Z1GALYA3","true","株式会社プラスチックアーキテクツ","0.0","月","","","","","","","0.0","","","Qualification","","","","",""
"a08RB00001Z1GAMYA3","true","建築事務所TESSEN","105600.0","月","","","","2026-04-08","","","8800.0","","","Closed Won","2026-04-10","","","",""
"a08RB00001Z1GANYA3","true","大成建設ハウジング株式会社","0.0","月","","","","","","","0.0","","","Qualification","","","","",""
"a08RB00001Z1GAOYA3","true","立花産業株式会社","316800.0","月","","","","2026-05-01","","","26400.0","2026-04-13","","Prospecting","","","","",""
"a08RB00001Z1GAPYA3","true","大日本土木株式会社","0.0","月","","","","2026-05-31","","","0.0","2026-05-12","","Prospecting","","","","",""
"a08RB00001Z1GAQYA3","true","株式会社スタイルテック総合計画","900000.0","月","","","","","","","75000.0","","","Prospecting","","","","",""
"a08RB00001Z1GARYA3","true","株式会社CPO設計","0.0","月","","","","","","","0.0","2026-04-03","","Qualification","","","","",""
"a08RB00001Z1GASYA3","true","花岡徳秋建築設計事務所","0.0","月","","","","","","","0.0","2026-04-03","","Qualification","","","","",""
"a08RB00001Z1GATYA3","true","株式会社スリースター","0.0","月","","","","","","","0.0","","","Qualification","","","","",""
"a08RB00001Z1GAUYA3","true","株式会社カプテリ","105600.0","月","","","","","","","8800.0","2026-04-13","","Closed Lost","","","","",""
"a08RB00001Z1GAVYA3","true","株式会社ワカタケ","0.0","月","","","","","","","0.0","","","Qualification","","","","",""
"a08RB00001Z1GAWYA3","true","株式会社ワンズ・レーニア","316800.0","月","","","","","","","26400.0","","","Closed Won","2026-04-22","","","",""
"a08RB00001Z1GAXYA3","true","ABC店舗 の取引","0.0","月","","","","","","","0.0","","","Closed Lost","","","","",""
"a08RB00001Z1GAYYA3","true","株式会社ココディレクション の取引","105600.0","月","","","","2026-04-28","","","8800.0","","","Closed Won","2026-05-11","","","",""
"a08RB00001Z1GAZYA3","true","伊藤喜商事株式会社","0.0","月","","","","","","","0.0","","","Qualification","","","","",""
"a08RB00001Z1GAaYAN","true","株式会社ABC店舗","0.0","月","","","","","","","0.0","","","Closed Lost","","","","",""
"a08RB00001Z1GAbYAN","true","西畑設計","105600.0","月","","","","2026-04-08","","","8800.0","","","Closed Won","2026-04-08","","","",""
"a08RB00001Z1GAcYAN","true","富田商事株式会社","900000.0","月","","","","","","","75000.0","","","Prospecting","","","","",""
"a08RB00001Z1GAdYAN","true","株式会社DAN都市デザイン","1440000.0","月","","","","2026-07-01","","","120000.0","","","Prospecting","","","","",""
"a08RB00001Z1GAeYAN","true","佑亮 西浦","105600.0","月","","","","","","","8800.0","","","Closed Won","2026-04-08","","","",""
"a08RB00001Z1GAfYAN","true","Leon TSE","66000.0","月","","","","","","","5500.0","","","Closed Won","2026-04-08","","","",""
"a08RB00001Z1GAgYAN","true","株式会社ドムコス","105600.0","月","","","","2026-04-29","","","8800.0","","","Closed Won","2026-04-09","","","",""
"a08RB00001Z1GAhYAN","true","株式会社龍美一級建築士事務所","0.0","月","","","","","","","0.0","","","Qualification","","","","",""
"a08RB00001Z1GAiYAN","true","株式会社フィールド・デザイン・アーキテクツ一級建築士事務所","105600.0","月","","","","2026-04-10","","","8800.0","","","Closed Won","2026-04-10","","","",""
"a08RB00001Z1GAjYAN","true","若築建設株式会社","0.0","月","","","","","","","0.0","","","Closed Won","2026-06-04","","","",""
"a08RB00001Z1GAkYAN","true","杉本興業株式会社","0.0","月","","","","","","","0.0","","","Closed Lost","","","","",""
"a08RB00001Z1GAlYAN","true","株式会社イーマックエンジニアリング","0.0","月","","","","","","","0.0","","","Qualification","","","","",""
"a08RB00001Z1GAmYAN","true","リストデベロップメント株式会社","0.0","月","","","","2026-05-31","","","0.0","2026-04-15","","Prospecting","","","","",""
"a08RB00001Z1GAnYAN","true","JBリアルエステート株式会社","145200.0","月","","","","","","","12100.0","","","Closed Won","2026-04-10","","","",""
"a08RB00001Z1GAoYAN","true","安井建築設計事務所","105600.0","月","","","","2026-04-15","","","8800.0","","","Closed Won","2026-04-22","","","",""
"a08RB00001Z1GApYAN","true","株式会社良品計画","2140000.0","月","","","","2026-09-01","","","170000.0","","","Prospecting","","","","",""
"a08RB00001Z1GAqYAN","true","株式会社マルモリカンパニー","0.0","月","","","","","","","0.0","","","Qualification","","","","",""
"a08RB00001Z1GArYAN","true","匠堂 合同会社","0.0","月","","","","","","","0.0","","","Qualification","","","","",""
"a08RB00001Z1GAsYAN","true","株式会社CABON","105600.0","月","","","","2026-04-15","","","8800.0","","","Closed Won","2026-04-15","","","",""
"a08RB00001Z1GAtYAN","true","株式会社 ヨネダ","900000.0","月","","","","2026-05-13","2026-06-01","Budget shortage - initial or migration cost","75000.0","","","Closed Lost","2026-06-01","","","",""
"a08RB00001Z1GAuYAN","true","四反田建築設計事務所","0.0","月","","","","","","","0.0","","","Qualification","","","","",""
"a08RB00001Z1GAvYAN","true","平倉建設株式会社","0.0","月","","","","","","","0.0","","","Qualification","","","","",""
"a08RB00001Z1GAwYAN","true","株式会社フジタ 建築本部 BIM推進統括部","0.0","月","","","","","","","0.0","2026-04-28","","Prospecting","","","","",""
"a08RB00001Z1GAxYAN","true","西日本旅客鉄道株式会社","105600.0","月","","","","2026-04-30","","","8800.0","","","Closed Won","2026-05-11","","","",""
"a08RB00001Z1GAyYAN","true","株式会社ecoaハウス","0.0","月","","","","","","","0.0","","","Prospecting","","","","",""
"a08RB00001Z1GAzYAN","true","株式会社クラウドトップ","105600.0","月","","","","","","","8800.0","","","Qualification","","","","",""
"a08RB00001Z1GB0YAN","true","株式会社グリーンズ","0.0","月","","","","","","","0.0","","","Qualification","","","","",""
"a08RB00001Z1GB1YAN","true","近鉄不動産株式会社","0.0","月","","","","","","","0.0","","","Prospecting","","","","",""
"a08RB00001Z1GB2YAN","true","株式会社コスモスイニシア","0.0","月","","","","","","","0.0","","","Prospecting","","","","",""
"a08RB00001Z1GB3YAN","true","センコー産業株式会社","0.0","月","","","","","","","0.0","","","Qualification","","","","",""
"a08RB00001Z1GB4YAN","true","株式会社ノットコーポレーション","900000.0","月","","","","2026-06-01","2026-05-26","No agreement on issue or setup","75000.0","","","Closed Lost","2026-05-26","","","",""
"a08RB00001Z1GB5YAN","true","株式会社クラウドトップ","105600.0","月","","","","2026-04-29","","","8800.0","","","Negotiation","","","","",""
"a08RB00001Z1GB6YAN","true","株式会社 秋山立花","105600.0","月","","","","2026-04-24","","","8800.0","","","Closed Won","2026-04-24","","","",""
"a08RB00001Z1GB7YAN","true","株式会社 秋山立花","900000.0","月","","","","2026-06-30","","","75000.0","","","ValueProposition","","","","",""
"a08RB00001Z1GB8YAN","true","TAKUYA RIKIMARU","105600.0","月","","","","","","","8800.0","","","Closed Won","2026-04-27","","","",""
"a08RB00001Z1GB9YAN","true","ノーマンズランドアソシエイツ1級建築士事務所","105600.0","月","","","","","","","8800.0","","","Qualification","","","","",""
"a08RB00001Z1GBAYA3","true","オゾン設計室","105600.0","月","","","","","","","8800.0","","","Qualification","","","","",""
"a08RB00001Z1GBBYA3","true","株式会社テイクアンドギヴ・ニーズ","528000.0","月","","","","2026-06-26","","","44000.0","","","ValueProposition","","","","",""
"a08RB00001Z1GBCYA3","true","K2デザインオフィス","105600.0","月","","","","","","","8800.0","2026-05-14","","Qualification","","","","",""
"a08RB00001Z1GBDYA3","true","株式会社ウィローズクラフト","316800.0","月","","","","","","","26400.0","","","Qualification","","","","",""
"a08RB00001Z1GBEYA3","true","株式会社三木組","211200.0","月","","","","","","","17600.0","","","Qualification","","","","",""
"a08RB00001Z1GBFYA3","true","エステック不動産投資顧問株式会社","316800.0","月","","","","","","","26400.0","","","Qualification","","","","",""
"a08RB00001Z1GBGYA3","true","株式会社フロンティアコンサルティング","264000.0","月","","","","2026-05-01","","","22000.0","","","Closed Won","2026-05-01","","","",""
"a08RB00001Z1GBHYA3","true","株式会社RYアーキテクツ","316800.0","月","","","","2026-05-28","","","26400.0","","","Prospecting","","","","",""
"a08RB00001Z1GBIYA3","true","株式会社モーラデザイン","0.0","月","","","","","","","0.0","","","Qualification","","","","",""
"a08RB00001Z1GBJYA3","true","株式会社ユニフィット","0.0","月","","","","","","","0.0","","","Qualification","","","","",""
"a08RB00001Z1GBKYA3","true","カモン・アンド・アソシエイツ","105600.0","月","","","","2026-05-31","","","8800.0","","","Closed Won","2026-05-11","","","",""
"a08RB00001Z1GBLYA3","true","有限会社芝田工務店","0.0","月","","","","","","","0.0","","","Qualification","","","","",""
"a08RB00001Z1GBMYA3","true","株式会社ｎｅｓｔ建築設計室","105600.0","月","","","","2026-06-04","","","8800.0","","","Qualification","","","","",""
"a08RB00001Z1GBNYA3","true","株式会社野村工務店","2059200.0","月","","","","2026-06-17","","","171600.0","2026-05-12","","ValueProposition","","","","",""
"a08RB00001Z1GBOYA3","true","株式会社デザインアーク","360000.0","月","","","","2026-05-12","","","30000.0","","","Closed Won","2026-05-26","","","",""
"a08RB00001Z1GBPYA3","true","ジーク株式会社（福岡）","900000.0","月","","","","2026-06-12","","","75000.0","","","ValueProposition","","","","",""
"a08RB00001Z1GBQYA3","true","OPERA","105600.0","月","","","","","","","8800.0","","","Closed Won","2026-05-12","","","",""
"a08RB00001Z1GBRYA3","true","JUNICHI HIGUCHI","105600.0","月","","","","","","","8800.0","","","Closed Won","2026-05-12","","","",""
"a08RB00001Z1GBSYA3","true","NTTファシリティーズエンジニアリング株式会社","1800000.0","月","","","","2026-07-01","","","150000.0","","","ValueProposition","","","","",""
"a08RB00001Z1GBTYA3","true","豊通ファシリティーズ株式会社","105600.0","月","","","","","","","8800.0","","","Closed Won","2026-05-18","","","",""
"a08RB00001Z1GBUYA3","true","グローアップ","105600.0","月","","","","2026-05-27","","","8800.0","","","Negotiation","","","","",""
"a08RB00001Z1GBVYA3","true","大建興産株式会社","105600.0","月","","","","2026-05-29","","","8800.0","","","ValueProposition","","","","",""
"a08RB00001Z1GBWYA3","true","有限会社芝田工務店","0.0","月","","","","2026-05-29","","","0.0","","","Prospecting","","","","",""
"a08RB00001Z1GBXYA3","true","エステック不動産投資顧問株式会社","0.0","月","","","","2026-06-30","","","0.0","","","Prospecting","","","","",""
"a08RB00001Z1GBYYA3","true","株式会社サンケイビル","0.0","月","","","","","","","0.0","","","Prospecting","","","","",""
"a08RB00001Z1GBZYA3","true","株式会社フューチャースケッチ","0.0","月","","","","","","","0.0","","","Qualification","","","","",""
"a08RB00001Z1GBaYAN","true","ミサワホーム株式会社","0.0","月","","","","","","","0.0","","","Qualification","","","","",""
"a08RB00001Z1GBbYAN","true","株式会社AYNZ","0.0","月","","","","","","","0.0","","","Qualification","","","","",""
"a08RB00001Z1GBcYAN","true","MtoMカンパニー","105600.0","月","","","","2026-05-31","","","8800.0","2026-05-21","","ValueProposition","","","","",""
"a08RB00001Z1GBdYAN","true","株式会社東畑建築事務所","0.0","月","","","","","","","0.0","","","Prospecting","","","","",""
"a08RB00001Z1GBeYAN","true","株式会社よねざわ工業","105600.0","月","","","","","","","8800.0","","","ValueProposition","","","","",""
"a08RB00001Z1GBfYAN","true","株式会社ニッセイ","0.0","月","","","","","","","0.0","","","Prospecting","","","","",""
"a08RB00001Z1GBgYAN","true","ｉ設計エンジニアリング","105600.0","月","","","","","","","8800.0","","","ValueProposition","","","","",""
"a08RB00001Z1GBhYAN","true","株式会社ヒトバデザイン","105600.0","月","","","","","","","8800.0","","","Closed Won","2026-05-25","","","",""
"a08RB00001Z1GBiYAN","true","KEISUKE NARISAWA","105600.0","月","","","","","","","8800.0","","","Closed Won","2026-05-25","","","",""
"a08RB00001Z1GBjYAN","true","RYO KAWAGUCHI","211200.0","月","","","","","","","17600.0","","","Closed Won","2026-05-25","","","",""
"a08RB00001Z1GBkYAN","true","株式会社YUASA","1800000.0","月","","","","","","","150000.0","","","ValueProposition","","","","",""
"a08RB00001Z1GBlYAN","true","株式会社NOW","316800.0","月","","","","2026-06-01","","","26400.0","","","ValueProposition","","","","",""
"a08RB00001Z1GBmYAN","true","株式会社エッグハウジング","105600.0","月","","","","2026-05-25","","","8800.0","","","Negotiation","","","","",""
"a08RB00001Z1GBnYAN","true","株式会社GEN INOUE","105600.0","月","","","","","","","8800.0","","","Closed Won","2026-05-26","","","",""
"a08RB00001Z1GBoYAN","true","株式会社デュアルタップ","0.0","月","","","","","","","0.0","2026-05-27","","Prospecting","","","","",""
"a08RB00001Z1GBpYAN","true","竹下和宏建築設計事務所","0.0","月","","","","","","","0.0","","","Prospecting","","","","",""
"a08RB00001Z1GBqYAN","true","fragment.archoffice","105600.0","月","","","","","","","8800.0","","","ValueProposition","","","","",""
"a08RB00001Z1GBrYAN","true","株式会社IGK","0.0","月","","","","","","","0.0","","","Prospecting","","","","",""
"a08RB00001Z1GBsYAN","true","三越伊勢丹プロパティデザイン株式会社","105600.0","月","","","","","","","8800.0","","","Closed Won","2026-05-29","","","",""
"a08RB00001Z1GBtYAN","true","NTTファシリティーズ","0.0","月","","","","","","","0.0","","","Prospecting","","","","",""
"a08RB00001Z1GBuYAN","true","株式会社コスモスイニシア","180000.0","月","","","","2026-06-02","","","15000.0","","","Applove","","","","",""
"a08RB00001Z1GBvYAN","true","アーキデザイン株式会社","76800.0","月","","","","","","","6400.0","","","Negotiation","","","","",""
"a08RB00001Z1GBwYAN","true","清水建設株式会社福岡支店工事部","844800.0","月","","","","2026-06-25","","","70400.0","","","ValueProposition","","","","",""
"a08RB00001Z1GBxYAN","true","コクヨマーケティング株式会社","1800000.0","月","","","","2026-07-22","","","150000.0","2026-06-01","","ValueProposition","","","","",""
"a08RB00001Z1GByYAN","true","近鉄不動産株式会社","360000.0","月","","","","","","","30000.0","","","Closed Won","2026-06-01","","","",""
"a08RB00001Z1GBzYAN","true","小島屋","105600.0","月","","","","","","","8800.0","","","Closed Won","2026-06-02","","","",""
"a08RB00001Z1GC0YAN","true","株式会社フューチャースケッチ","0.0","月","","","","","","","0.0","","","Qualification","","","","",""
"a08RB00001Z1GC1YAN","true","株式会社エリオクリエイト","105600.0","月","","","","","","","8800.0","","","Closed Won","2026-06-03","","","",""
"a08RB00001Z1GC2YAN","true","デザインアーク","0.0","月","","","","","","","0.0","","","ValueProposition","","","","",""
"a08RB00001Z1GC3YAN","true","Shiny’s Creative","0.0","月","","","","","","","0.0","","","Prospecting","","","","",""
"a08RB00001Z1GC4YAN","true","asazu design office","105600.0","月","","","","","","","8800.0","","","Qualification","","","","",""
"a08RB00001Z1GC5YAN","true","デザインアーク（大阪）","900000.0","月","","","","","","","75000.0","","","Prospecting","","","","",""
"a08RB00001Z1GC6YAN","true","株式会社ウチダシステムズ","0.0","月","","","","","","","0.0","","","Prospecting","","","","",""
"a08RB00001Z1GC7YAN","true","株式会社エルシード","105600.0","月","","","","","","","8800.0","","","Closed Won","2026-06-03","","","",""
"a08RB00001Z1GC8YAN","true","あおぞら工務店株式会社","0.0","月","","","","","","","0.0","","","Qualification","","","","",""
"a08RB00001Z1GC9YAN","true","株式会社MONO-GRAPH","0.0","月","","","","","","","0.0","2026-06-04","","Qualification","","","","",""
"a08RB00001Z1GCAYA3","true","株式会社グレート","0.0","月","","","","","","","0.0","2026-06-19","","Qualification","","","","",""
"a08RB00001Z1GCBYA3","true","株式会社インテリジェントフォース","0.0","月","","","","","","","0.0","2026-06-19","","Qualification","","","","",""
"a08RB00001Z1GCCYA3","true","株式会社TwinCompany","0.0","月","","","","","","","0.0","","","Qualification","","","","",""
"a08RB00001Z1GCDYA3","true","blanco graphics","0.0","月","","","","","","","0.0","","","Prospecting","","","","",""
"a08RB00001Z1GCEYA3","true","Tofu 設計事務所","0.0","月","","","","","","","0.0","","","Qualification","","","","",""
"a08RB00001Z1GCFYA3","true","カリコ株式会社","0.0","月","","","","","","","0.0","","","Qualification","","","","",""
"a08RB00001Z1GCGYA3","true","株式会社ローザ","132000.0","月","","","","2026-07-01","","","11000.0","","","Prospecting","","","","",""
