"sf__Id","sf__Error",Name,ACV__c,ContractUpdate__c,Account__c,Contact__c,Description__c,ExpectedCloseDate__c,LostDate__c,LostReason__c,MRR__c,NextActivityDate__c,NextStep__c,StageName__c,StandardCloseDate__c,StandardProbability__c,StartDate__c,StandardStartDate__c,ExpectedDuration__c
"","INVALID_OR_NULL_FOR_RESTRICTED_PICKLIST:失注理由: 制限つき選択リスト項目の値が不適切: わからん:LostReason__c --","[サンプル] EmpowerMove","0.0","","","","","2025-02-26","2025-02-26","わからん","0.0","","","お問い合わせ受領","2025-02-26","","","",""
"","INVALID_OR_NULL_FOR_RESTRICTED_PICKLIST:失注理由: 制限つき選択リスト項目の値が不適切: 予算不足（ランニング）:LostReason__c --","Renderyエンプラ導入","660000.0","","001RB00001VTqkLYAT","","","","2025-06-25","予算不足（ランニング）","55000.0","","","決済手続/稟議中","2025-06-25","","","",""
"","INVALID_OR_NULL_FOR_RESTRICTED_PICKLIST:ステージ: 制限つき選択リスト項目の値が不適切: お問い合わせ受領:StageName__c --","さくらホームグループ株式会社 の取引","288000.0","","001RB00001VTCY7YAP","","","","","","24000.0","2025-09-05","","お問い合わせ受領","","","","",""
"","INVALID_OR_NULL_FOR_RESTRICTED_PICKLIST:ステージ: 制限つき選択リスト項目の値が不適切: 決済手続/稟議中:StageName__c --","株式会社フジタ","900000.0","","001RB00001VTrwFYAT","","","","","","75000.0","","","決済手続/稟議中","2026-01-29","","","",""
"","INVALID_OR_NULL_FOR_RESTRICTED_PICKLIST:失注理由: 制限つき選択リスト項目の値が不適切: ニーズとのミスマッチ:LostReason__c --","ハウジング・ジャパン株式会社 の取引","660000.0","","001RB00001VTCY8YAP","","","","2025-06-02","ニーズとのミスマッチ","55000.0","","","決済手続/稟議中","2025-06-02","","","",""
"","INVALID_OR_NULL_FOR_RESTRICTED_PICKLIST:ステージ: 制限つき選択リスト項目の値が不適切: 決済手続き中/稟議中:StageName__c --","株式会社リロケーション・ジャパン の取引","435600.0","","001RB00001VTCYAYA5","003RB00001NpNcsYAF","","","","","36300.0","","","決済手続き中/稟議中","","","","",""
"","INVALID_OR_NULL_FOR_RESTRICTED_PICKLIST:失注理由: 制限つき選択リスト項目の値が不適切: キーパーソンにアプローチできていない:LostReason__c --","チルホーム株式会社 の取引","105600.0","","001RB00001VTCYBYA5","003RB00001NpNcuYAF","","","2025-09-04","キーパーソンにアプローチできていない","8800.0","","","社内検討中","2025-09-04","","","",""
"","INVALID_OR_NULL_FOR_RESTRICTED_PICKLIST:ステージ: 制限つき選択リスト項目の値が不適切: 決済手続/稟議中:StageName__c --","髙松テクノサービス株式会社 の取引","192000.0","","001RB00001VTCYCYA5","003RB00001NpNcvYAF","","","","","16000.0","","","決済手続/稟議中","2025-05-06","","","",""
"","INVALID_OR_NULL_FOR_RESTRICTED_PICKLIST:ステージ: 制限つき選択リスト項目の値が不適切: 社内検討中:StageName__c --","有限会社汗青社 の取引","132000.0","","001RB00001VTCYDYA5","003RB00001NpNcwYAF","","","","","11000.0","2025-11-21","","社内検討中","","","","",""
"","INVALID_OR_NULL_FOR_RESTRICTED_PICKLIST:ステージ: 制限つき選択リスト項目の値が不適切: 決済手続/稟議中:StageName__c --","野村不動産 Rendery エンプラ導入の取引","2260000.0","","001RB00001VTCYEYA5","003RB00001NsWvhYAF","","2026-03-12","","","180000.0","2026-03-11","","決済手続/稟議中","2026-03-11","","","",""
"","INVALID_OR_NULL_FOR_RESTRICTED_PICKLIST:ステージ: 制限つき選択リスト項目の値が不適切: トライアル中:StageName__c --","サムティアセットマネジメント株式会社","145200.0","","001RB00001VTqarYAD","","","","","","12100.0","","","トライアル中","","","","",""
"","INVALID_OR_NULL_FOR_RESTRICTED_PICKLIST:失注理由: 制限つき選択リスト項目の値が不適切: 課題の設定・合意形成ができていない:LostReason__c --","株式会社現代建築研究所 の取引","0.0","","001RB00001VTqasYAD","003RB00001NsMQcYAN","","","2025-10-15","課題の設定・合意形成ができていない","0.0","","","休眠","2025-10-15","","","",""
"","INVALID_OR_NULL_FOR_RESTRICTED_PICKLIST:ステージ: 制限つき選択リスト項目の値が不適切: 休眠:StageName__c --","ユニオンテック株式会社 の取引","316800.0","","001RB00001VTCZSYA5","","","","","","26400.0","2025-12-17","","休眠","","","","",""
"","INVALID_OR_NULL_FOR_RESTRICTED_PICKLIST:ステージ: 制限つき選択リスト項目の値が不適切: 決済手続/稟議中:StageName__c --","西日本旅客鉄道株式会社　金沢支社　金沢建築区 の取引","66000.0","","001RB00001VTqaZYAT","","","","","","5500.0","","","決済手続/稟議中","2025-11-26","","","",""
"","INVALID_OR_NULL_FOR_RESTRICTED_PICKLIST:ステージ: 制限つき選択リスト項目の値が不適切: 契約意向表明:StageName__c --","三菱商事 の取引","0.0","","001RB00001VTqkoYAD","003RB00001NsMQdYAN","","","","","0.0","","","契約意向表明","","","","",""
"","INVALID_OR_NULL_FOR_RESTRICTED_PICKLIST:ステージ: 制限つき選択リスト項目の値が不適切: 導入意向表明:StageName__c --","株式会社三福管理センター の取引","726000.0","","001RB00001VTqatYAD","003RB00001NsMQeYAN","","","","","60500.0","","","導入意向表明","2025-10-20","","","",""
"","INVALID_OR_NULL_FOR_RESTRICTED_PICKLIST:失注理由: 制限つき選択リスト項目の値が不適切: キーパーソンにアプローチできていない:LostReason__c --","株式会社ケイミックス の取引","105600.0","","001RB00001VTqauYAD","","","","2025-08-28","キーパーソンにアプローチできていない","8800.0","","","社内検討中","2025-08-28","","","",""
"","INVALID_OR_NULL_FOR_RESTRICTED_PICKLIST:失注理由: 制限つき選択リスト項目の値が不適切: 対象外(競合や営業など):LostReason__c --","株式会社オーナーズ・スタイル の取引","0.0","","001RB00001VTqj2YAD","003RB00001NsNIIYA3","","","2025-06-16","対象外(競合や営業など)","0.0","","","打ち合わせセッティング完了","2025-06-16","","","",""
"","INVALID_OR_NULL_FOR_RESTRICTED_PICKLIST:ステージ: 制限つき選択リスト項目の値が不適切: 決済手続/稟議中:StageName__c --","三井不動産レジデンシャルリース株式会社(ソリ推)の取引","1320000.0","","001RB00001VTqbXYAT","003RB00001NsMpCYAV","","","","","110000.0","","","決済手続/稟議中","2025-09-18","","","",""
"","INVALID_OR_NULL_FOR_RESTRICTED_PICKLIST:ステージ: 制限つき選択リスト項目の値が不適切: 決済手続き中/稟議中:StageName__c --","TC神鋼不動産株式会社 の取引","145200.0","","001RB00001VTqfsYAD","003RB00001NsMpuYAF","","","","","12100.0","","","決済手続き中/稟議中","2025-06-26","","","",""
"","INVALID_OR_NULL_FOR_RESTRICTED_PICKLIST:失注理由: 制限つき選択リスト項目の値が不適切: ニーズとのミスマッチ:LostReason__c --","不動産業 の取引","0.0","","001RB00001VTqkGYAT","003RB00001NsMpRYAV","","","2025-06-15","ニーズとのミスマッチ","0.0","","","社内検討中","2025-06-15","","","",""
"","INVALID_OR_NULL_FOR_RESTRICTED_PICKLIST:ステージ: 制限つき選択リスト項目の値が不適切: 休眠:StageName__c --","Nowhere Group株式会社 の取引","316800.0","","001RB00001VTqlRYAT","","","","","","26400.0","","","休眠","","","","",""
"","INVALID_OR_NULL_FOR_RESTRICTED_PICKLIST:ステージ: 制限つき選択リスト項目の値が不適切: 休眠:StageName__c --","株式会社リペア の取引","0.0","","001RB00001VTqklYAD","003RB00001NsNJKYA3","","","","","0.0","","","休眠","","","","",""
"","INVALID_OR_NULL_FOR_RESTRICTED_PICKLIST:ステージ: 制限つき選択リスト項目の値が不適切: お問い合わせ受領:StageName__c --","株式会社ひかり工務店 の取引","105600.0","","001RB00001VTqkmYAD","003RB00001NsWvpYAF","","","","","8800.0","","","お問い合わせ受領","2025-07-04","","","",""
"","INVALID_OR_NULL_FOR_RESTRICTED_PICKLIST:失注理由: 制限つき選択リスト項目の値が不適切: ニーズとのミスマッチ:LostReason__c --","株式会社オークハウス（本社） の取引","0.0","","001RB00001VTqkkYAD","","","","2025-10-09","ニーズとのミスマッチ","0.0","","","社内検討中","2025-10-09","","","",""
"","INVALID_OR_NULL_FOR_RESTRICTED_PICKLIST:失注理由: 制限つき選択リスト項目の値が不適切: サポート体制・実績不足:LostReason__c --","中央日本土地建物株式会社 の取引","660000.0","","001RB00001VTqkJYAT","003RB00001NsWwfYAF","","","2026-01-05","サポート体制・実績不足","55000.0","","","休眠","2026-01-05","","","",""
"","INVALID_OR_NULL_FOR_RESTRICTED_PICKLIST:ステージ: 制限つき選択リスト項目の値が不適切: 決済手続き中/稟議中:StageName__c --","株式会社レーベントラスト の取引","726000.0","","001RB00001VTqbqYAD","","","","","","60500.0","2025-12-15","","決済手続き中/稟議中","2025-08-28","","","",""
"","INVALID_OR_NULL_FOR_RESTRICTED_PICKLIST:ステージ: 制限つき選択リスト項目の値が不適切: 決済手続/稟議中:StageName__c --","矢作建設工業株式会社 の取引","660000.0","","001RB00001VTqlfYAD","","","","","","55000.0","","","決済手続/稟議中","2025-06-12","","","",""
"","INVALID_OR_NULL_FOR_RESTRICTED_PICKLIST:失注理由: 制限つき選択リスト項目の値が不適切: 他社比較:LostReason__c --","三井不動産レジデンシャルリース株式会社 の取引","2244000.0","","001RB00001VTqbXYAT","003RB00001NsN9uYAF","","","2025-10-15","他社比較","187000.0","","","提案作成済み","2025-10-15","","","",""
"","INVALID_OR_NULL_FOR_RESTRICTED_PICKLIST:ステージ: 制限つき選択リスト項目の値が不適切: 課題の組織化（個人→組織）:StageName__c --","東急建設株式会社 の取引","105600.0","","001RB00001VTrseYAD","003RB00001NsWvBYAV","","","","","8800.0","2025-08-04","","課題の組織化（個人→組織）","","","","",""
"","INVALID_OR_NULL_FOR_RESTRICTED_PICKLIST:ステージ: 制限つき選択リスト項目の値が不適切: 決済手続/稟議中:StageName__c --","一条工務店 の取引","211200.0","","001RB00001VTqbnYAD","003RB00001NsMbLYAV","","","","","17600.0","","","決済手続/稟議中","2025-08-05","","","",""
"","INVALID_OR_NULL_FOR_RESTRICTED_PICKLIST:失注理由: 制限つき選択リスト項目の値が不適切: ニーズとのミスマッチ:LostReason__c --","株式会社コスモスイニシア の取引","145200.0","","001RB00001VTqgBYAT","003RB00001NsMqHYAV","","","2025-10-15","ニーズとのミスマッチ","12100.0","","","社内検討中","2025-10-15","","","",""
"","INVALID_OR_NULL_FOR_RESTRICTED_PICKLIST:失注理由: 制限つき選択リスト項目の値が不適切: 他社比較:LostReason__c --","株式会社賃貸メイト の取引","2244000.0","","001RB00001VTqlmYAD","003RB00001NsNcjYAF","","","2025-08-29","他社比較","187000.0","","","社内検討中","2025-08-29","","","",""
"","INVALID_OR_NULL_FOR_RESTRICTED_PICKLIST:ステージ: 制限つき選択リスト項目の値が不適切: アプローチ中:StageName__c --","株式会社ゼンリン東海 の取引","0.0","","001RB00001VTqdzYAD","003RB00001NsMc9YAF","","","","","0.0","","","アプローチ中","","","","",""
"","INVALID_OR_NULL_FOR_RESTRICTED_PICKLIST:ステージ: 制限つき選択リスト項目の値が不適切: 契約手続き中:StageName__c --","株式会社クラッチワークス の取引","0.0","","001RB00001VTqb9YAD","","","","","","0.0","2025-10-20","","契約手続き中","","","","",""
"","INVALID_OR_NULL_FOR_RESTRICTED_PICKLIST:失注理由: 制限つき選択リスト項目の値が不適切: 時期ずれ:LostReason__c --","株式会社オープンハウス・ディベロップメント の取引","0.0","","001RB00001VTqV6YAL","003RB00001NsNctYAF","","","2025-08-28","時期ずれ","0.0","","","社内検討中","2025-08-28","","","",""
"","INVALID_OR_NULL_FOR_RESTRICTED_PICKLIST:ステージ: 制限つき選択リスト項目の値が不適切: 課題の組織化（個人→組織）:StageName__c --","株式会社ゴールドクレスト の取引","660000.0","","001RB00001VTrOfYAL","","","","","","55000.0","","","課題の組織化（個人→組織）","","","","",""
"","INVALID_OR_NULL_FOR_RESTRICTED_PICKLIST:失注理由: 制限つき選択リスト項目の値が不適切: 対象外(競合や営業など):LostReason__c --","東建コーポレーション株式会社 の取引","726000.0","","001RB00001VTrxGYAT","003RB00001NsMbAYAV","","","2025-09-03","対象外(競合や営業など)","60500.0","","","トライアル中","2025-09-03","","","",""
"","INVALID_OR_NULL_FOR_RESTRICTED_PICKLIST:ステージ: 制限つき選択リスト項目の値が不適切: 決済手続/稟議中:StageName__c --","株式会社クラス の取引","105600.0","","001RB00001VTqkSYAT","","","","","","8800.0","","","決済手続/稟議中","2025-09-08","","","",""
"","INVALID_OR_NULL_FOR_RESTRICTED_PICKLIST:ステージ: 制限つき選択リスト項目の値が不適切: 導入意向の確認中:StageName__c --","生和コーポレーション株式会社 の取引","105600.0","","001RB00001VTqmcYAD","","","","","","8800.0","2026-03-01","","導入意向の確認中","2025-11-10","","","",""
"","INVALID_OR_NULL_FOR_RESTRICTED_PICKLIST:ステージ: 制限つき選択リスト項目の値が不適切: 社内検討中:StageName__c --","株式会社アル.パートナーズ建築設計 の取引","316800.0","","001RB00001VTqlvYAD","003RB00001NsWvtYAF","","","","","26400.0","2026-02-25","","社内検討中","","","","",""
"","INVALID_OR_NULL_FOR_RESTRICTED_PICKLIST:ステージ: 制限つき選択リスト項目の値が不適切: 決済手続き中/稟議中:StageName__c --","株式会社グローバルセンター の取引","145200.0","","001RB00001VTqm2YAD","","","","","","12100.0","","","決済手続き中/稟議中","2025-07-16","","","",""
"","INVALID_OR_NULL_FOR_RESTRICTED_PICKLIST:ステージ: 制限つき選択リスト項目の値が不適切: 決済手続/稟議中:StageName__c --","株式会社B-PROJECT の取引","792000.0","","001RB00001VTqm7YAD","003RB00001NsV8TYAV","","","","","66000.0","","","決済手続/稟議中","2025-09-01","","","",""
"","INVALID_OR_NULL_FOR_RESTRICTED_PICKLIST:失注理由: 制限つき選択リスト項目の値が不適切: キーパーソンにアプローチできていない:LostReason__c --","アイリスチトセ株式会社 の取引","600000.0","","001RB00001VTqlZYAT","","","2026-03-01","2026-04-22","キーパーソンにアプローチできていない","50000.0","","","導入条件の合意（価格・契約・運用）","2026-04-22","","","",""
"","INVALID_OR_NULL_FOR_RESTRICTED_PICKLIST:ステージ: 制限つき選択リスト項目の値が不適切: 導入意向の確認中:StageName__c --","株式会社白水社 の取引","2440000.0","","001RB00001VTqm4YAD","","","2026-07-01","","","195000.0","2026-04-01","","導入意向の確認中","","","","",""
"","INVALID_OR_NULL_FOR_RESTRICTED_PICKLIST:ステージ: 制限つき選択リスト項目の値が不適切: 社内検討中:StageName__c --","プラナス株式会社一級建築士事務所 の取引","66000.0","","001RB00001VTqmCYAT","","","","","","5500.0","2025-07-28","","社内検討中","2025-08-28","","","",""
"","INVALID_OR_NULL_FOR_RESTRICTED_PICKLIST:ステージ: 制限つき選択リスト項目の値が不適切: 決済手続/稟議中:StageName__c --","大東建託株式会社 の取引","1584000.0","","001RB00001VTruMYAT","","","","","","132000.0","","","決済手続/稟議中","2025-07-24","","","",""
"","INVALID_OR_NULL_FOR_RESTRICTED_PICKLIST:ステージ: 制限つき選択リスト項目の値が不適切: 決済手続/稟議中:StageName__c --","株式会社アルファ建築設計事務所 の取引","105600.0","","001RB00001VTqnBYAT","","","","","","8800.0","","","決済手続/稟議中","2025-07-15","","","",""
"","INVALID_OR_NULL_FOR_RESTRICTED_PICKLIST:ステージ: 制限つき選択リスト項目の値が不適切: 決済手続/稟議中:StageName__c --","株式会社JR東日本建築設計 の取引","105600.0","","001RB00001VTrHVYA1","","","","","","8800.0","","","決済手続/稟議中","2025-07-15","","","",""
"","INVALID_OR_NULL_FOR_RESTRICTED_PICKLIST:ステージ: 制限つき選択リスト項目の値が不適切: 決済手続/稟議中:StageName__c --","株式会社石勝エクステリア の取引","1780000.0","","001RB00001VTqnMYAT","","","","","","140000.0","","","決済手続/稟議中","2025-10-02","","","",""
"","INVALID_OR_NULL_FOR_RESTRICTED_PICKLIST:ステージ: 制限つき選択リスト項目の値が不適切: 決済手続/稟議中:StageName__c --","株式会社アットオフィス の取引","660000.0","","001RB00001VTqlgYAD","","","","","","55000.0","","","決済手続/稟議中","2025-10-17","","","",""
"","INVALID_OR_NULL_FOR_RESTRICTED_PICKLIST:ステージ: 制限つき選択リスト項目の値が不適切: 決済手続き中/稟議中:StageName__c --","株式会社マルク の取引","726000.0","","001RB00001VTqlrYAD","","","","","","60500.0","","","決済手続き中/稟議中","2025-07-18","","","",""
"","INVALID_OR_NULL_FOR_RESTRICTED_PICKLIST:ステージ: 制限つき選択リスト項目の値が不適切: 決済手続/稟議中:StageName__c --","Atelier Ohtaki architecture の取引","66000.0","","001RB00001VTqmGYAT","","","","","","5500.0","","","決済手続/稟議中","2025-07-18","","","",""
"","INVALID_OR_NULL_FOR_RESTRICTED_PICKLIST:ステージ: 制限つき選択リスト項目の値が不適切: 決済手続/稟議中:StageName__c --","JOA株式会社 の取引","660000.0","","001RB00001VTqmBYAT","003RB00001NsWwPYAV","","","","","55000.0","","","決済手続/稟議中","2025-08-22","","","",""
"","INVALID_OR_NULL_FOR_RESTRICTED_PICKLIST:ステージ: 制限つき選択リスト項目の値が不適切: 決済手続き中/稟議中:StageName__c --","ホームトレードセンター株式会社 の取引","145200.0","","001RB00001VTqnbYAD","","","","","","12100.0","","","決済手続き中/稟議中","2025-07-25","","","",""
"","INVALID_OR_NULL_FOR_RESTRICTED_PICKLIST:失注理由: 制限つき選択リスト項目の値が不適切: ニーズとのミスマッチ:LostReason__c --","株式会社日立プラントサービス の取引","1320000.0","","001RB00001VTqnJYAT","","","2026-06-01","2026-05-22","ニーズとのミスマッチ","110000.0","2026-02-16","","導入意向の確認中","2026-05-22","","","",""
"","INVALID_OR_NULL_FOR_RESTRICTED_PICKLIST:ステージ: 制限つき選択リスト項目の値が不適切: 社内検討中:StageName__c --","エコワークス の取引","145200.0","","001RB00001VTqjqYAD","003RB00001NsShHYAV","","","","","12100.0","","","社内検討中","","","","",""
"","INVALID_OR_NULL_FOR_RESTRICTED_PICKLIST:ステージ: 制限つき選択リスト項目の値が不適切: 決済手続/稟議中:StageName__c --","戸田建設株式会社 Upsell の取引","396000.0","","001RB00001VTrmnYAD","","","","","","33000.0","","","決済手続/稟議中","2025-07-30","","","",""
"","INVALID_OR_NULL_FOR_RESTRICTED_PICKLIST:ステージ: 制限つき選択リスト項目の値が不適切: 新規リード:StageName__c --","ノムラメディアス の取引","1056000.0","","001RB00001VTCZGYA5","","","","","","88000.0","2025-11-19","","新規リード","","","","",""
"","INVALID_OR_NULL_FOR_RESTRICTED_PICKLIST:ステージ: 制限つき選択リスト項目の値が不適切: 休眠:StageName__c --","プラス株式会社ファニチャーカンパニー の取引","924000.0","","001RB00001VTCZPYA5","","","2026-03-01","","","77000.0","","","休眠","","","","",""
"","INVALID_OR_NULL_FOR_RESTRICTED_PICKLIST:ステージ: 制限つき選択リスト項目の値が不適切: トライアル中:StageName__c --","乃村工藝社 の取引","900000.0","","001RB00001VTCZZYA5","","","2026-06-01","","","75000.0","","","トライアル中","","","","",""
"","INVALID_OR_NULL_FOR_RESTRICTED_PICKLIST:ステージ: 制限つき選択リスト項目の値が不適切: 打ち合わせセッティング完了:StageName__c --","株式会社 アイエス不動産 の取引","162700.0","","001RB00001VTqnrYAD","","","","","","12100.0","","","打ち合わせセッティング完了","2025-08-06","","","",""
"","INVALID_OR_NULL_FOR_RESTRICTED_PICKLIST:ステージ: 制限つき選択リスト項目の値が不適切: 決済手続/稟議中:StageName__c --","株式会社飯田組 の取引","211200.0","","001RB00001VTrvIYAT","","","","","","17600.0","","","決済手続/稟議中","2025-10-08","","","",""
"","INVALID_OR_NULL_FOR_RESTRICTED_PICKLIST:ステージ: 制限つき選択リスト項目の値が不適切: 休眠:StageName__c --","株式会社ディア・ライフ の取引","0.0","","001RB00001VTqkeYAD","","","","","","0.0","","","休眠","","","","",""
"","INVALID_OR_NULL_FOR_RESTRICTED_PICKLIST:ステージ: 制限つき選択リスト項目の値が不適切: 休眠:StageName__c --","清水建設株式会社 の取引","660000.0","","001RB00001VTrvxYAD","","","","","","55000.0","","","休眠","","","","",""
"","INVALID_OR_NULL_FOR_RESTRICTED_PICKLIST:失注理由: 制限つき選択リスト項目の値が不適切: ニーズとのミスマッチ:LostReason__c --","大東建託株式会社 の取引","0.0","","001RB00001VTruMYAT","","","","2025-11-28","ニーズとのミスマッチ","0.0","","","初回打ち合わせ完了","2025-11-28","","","",""
"","INVALID_OR_NULL_FOR_RESTRICTED_PICKLIST:ステージ: 制限つき選択リスト項目の値が不適切: 契約手続き中:StageName__c --","TOPPAN株式会社 の取引","0.0","","001RB00001VTqb8YAD","","","","","","0.0","","","契約手続き中","","","","",""
"","INVALID_OR_NULL_FOR_RESTRICTED_PICKLIST:ステージ: 制限つき選択リスト項目の値が不適切: アップセル仮説成立:StageName__c --","東急不動産ホールディングス株式会社/東急不動産株式会社 の取引","2640000.0","","001RB00001VTqkvYAD","","","","","","220000.0","","","アップセル仮説成立","","","","",""
"","INVALID_OR_NULL_FOR_RESTRICTED_PICKLIST:ステージ: 制限つき選択リスト項目の値が不適切: 導入意向の確認中:StageName__c --","大林ファシリティーズ株式会社 の取引","105600.0","","001RB00001VTqjfYAD","","","","","","8800.0","2025-08-20","","導入意向の確認中","2025-08-20","","","",""
"","INVALID_OR_NULL_FOR_RESTRICTED_PICKLIST:ステージ: 制限つき選択リスト項目の値が不適切: 休眠:StageName__c --","TBCグループ株式会社 の取引","0.0","","001RB00001VTqnXYAT","003RB00001NsV40YAF","","","","","0.0","","","休眠","","","","",""
"","INVALID_OR_NULL_FOR_RESTRICTED_PICKLIST:ステージ: 制限つき選択リスト項目の値が不適切: 決済手続/稟議中:StageName__c --","Asplead株式会社 の取引","211200.0","","001RB00001VTqnvYAD","003RB00001NsUI3YAN","","2026-03-30","","","17600.0","","","決済手続/稟議中","2026-03-25","","","",""
"","INVALID_OR_NULL_FOR_RESTRICTED_PICKLIST:ステージ: 制限つき選択リスト項目の値が不適切: 決済手続/稟議中:StageName__c --","三菱地所レジデンス の取引","211200.0","","001RB00001VTqf7YAD","","","","","","17600.0","","","決済手続/稟議中","2026-01-08","","","",""
"","INVALID_OR_NULL_FOR_RESTRICTED_PICKLIST:ステージ: 制限つき選択リスト項目の値が不適切: 休眠:StageName__c --","TOPPAN株式会社 の取引","211200.0","","001RB00001VTqb8YAD","","","","","","17600.0","2025-12-19","","休眠","","","","",""
"","INVALID_OR_NULL_FOR_RESTRICTED_PICKLIST:ステージ: 制限つき選択リスト項目の値が不適切: お打ち合わせセッティング完了:StageName__c --","ビルド・ワークス の取引","105600.0","","001RB00001VTqnwYAD","003RB00001NsUI5YAN","","","","","8800.0","","","お打ち合わせセッティング完了","2025-09-01","","","",""
"","INVALID_OR_NULL_FOR_RESTRICTED_PICKLIST:ステージ: 制限つき選択リスト項目の値が不適切: 休眠:StageName__c --","YAF の取引","0.0","","001RB00001VTqnxYAD","","","","","","0.0","2026-02-24","","休眠","","","","",""
"","INVALID_OR_NULL_FOR_RESTRICTED_PICKLIST:ステージ: 制限つき選択リスト項目の値が不適切: 社内検討中:StageName__c --","清水建設株式会社(スマートシティ) の取引","660000.0","","001RB00001VTrvxYAD","","","","","","55000.0","2025-11-05","","社内検討中","","","","",""
"","INVALID_OR_NULL_FOR_RESTRICTED_PICKLIST:ステージ: 制限つき選択リスト項目の値が不適切: 休眠:StageName__c --","東京建物株式会社 の取引","0.0","","001RB00001VTqf9YAD","","","","","","0.0","","","休眠","","","","",""
"","INVALID_OR_NULL_FOR_RESTRICTED_PICKLIST:失注理由: 制限つき選択リスト項目の値が不適切: ニーズとのミスマッチ:LostReason__c --","大成建設株式会社 の取引","1320000.0","","001RB00001VTqblYAD","003RB00001NsWwiYAF","","","2025-11-17","ニーズとのミスマッチ","110000.0","","","トライアル中","2025-11-17","","","",""
"","INVALID_OR_NULL_FOR_RESTRICTED_PICKLIST:ステージ: 制限つき選択リスト項目の値が不適切: 休眠:StageName__c --","生和コーポレーション株式会社(関東) の取引","0.0","","001RB00001VTqmcYAD","003RB00001NsVxXYAV","","","","","0.0","","","休眠","","","","",""
"","INVALID_OR_NULL_FOR_RESTRICTED_PICKLIST:ステージ: 制限つき選択リスト項目の値が不適切: 社内検討中:StageName__c --","株式会社ユタカコーポレーション の取引","3500.0","","001RB00001VTqnzYAD","003RB00001NsUICYA3","","","","","0.0","","","社内検討中","2025-09-24","","","",""
"","INVALID_OR_NULL_FOR_RESTRICTED_PICKLIST:失注理由: 制限つき選択リスト項目の値が不適切: 課題の設定・合意形成ができていない:LostReason__c --","ソーシャルインテリア の取引","900000.0","","001RB00001VTqo0YAD","","","","2026-05-26","課題の設定・合意形成ができていない","75000.0","2025-12-17","","社内検討中","2026-05-26","","","",""
"","INVALID_OR_NULL_FOR_RESTRICTED_PICKLIST:ステージ: 制限つき選択リスト項目の値が不適切: 休眠:StageName__c --","東京海上日動ファシリティーズ株式会社 の取引","900000.0","","001RB00001VTqnUYAT","","","","","","75000.0","2025-12-10","","休眠","","","","",""
"","INVALID_OR_NULL_FOR_RESTRICTED_PICKLIST:ステージ: 制限つき選択リスト項目の値が不適切: 打ち合わせセッティング完了:StageName__c --","株式会社ほりきり太郎不動産 の取引","3500.0","","001RB00001VTqoCYAT","003RB00001NsUIXYA3","","","","","0.0","","","打ち合わせセッティング完了","2025-09-24","","","",""
"","INVALID_OR_NULL_FOR_RESTRICTED_PICKLIST:ステージ: 制限つき選択リスト項目の値が不適切: 決済手続き中/稟議中:StageName__c --","株式会社エイブル","290000.0","","001RB00001VTrKGYA1","","","","","","0.0","","","決済手続き中/稟議中","2025-10-03","","","",""
"","INVALID_OR_NULL_FOR_RESTRICTED_PICKLIST:ステージ: 制限つき選択リスト項目の値が不適切: 休眠:StageName__c --","生和コーポレーション株式会社(西日本支社)","1800000.0","","001RB00001VTqmcYAD","","","","","","150000.0","","","休眠","","","","",""
"","INVALID_OR_NULL_FOR_RESTRICTED_PICKLIST:ステージ: 制限つき選択リスト項目の値が不適切: 決済手続/稟議中:StageName__c --","日鉄興和不動産株式会社","2340000.0","","001RB00001VTrnKYAT","","","2026-02-13","","","195000.0","2026-01-06","","決済手続/稟議中","2026-02-12","","","",""
"","INVALID_OR_NULL_FOR_RESTRICTED_PICKLIST:ステージ: 制限つき選択リスト項目の値が不適切: 休眠:StageName__c --","相鉄アーバンクリエイツ　西口事業部 の取引","105600.0","","001RB00001VTqs2YAD","003RB00001NsWwjYAF","","","","","8800.0","","","休眠","","","","",""
"","INVALID_OR_NULL_FOR_RESTRICTED_PICKLIST:ステージ: 制限つき選択リスト項目の値が不適切: 初回お打ち合わせ完了:StageName__c --","日本社宅サービス株式会社","0.0","","001RB00001VTqvSYAT","003RB00001NsUcsYAF","","","","","0.0","","","初回お打ち合わせ完了","","","","",""
"","INVALID_OR_NULL_FOR_RESTRICTED_PICKLIST:ステージ: 制限つき選択リスト項目の値が不適切: 社内検討中:StageName__c --","株式会社JPMC","0.0","","001RB00001VTqoXYAT","","","","","","0.0","","","社内検討中","","","","",""
"","INVALID_OR_NULL_FOR_RESTRICTED_PICKLIST:ステージ: 制限つき選択リスト項目の値が不適切: 決済手続/稟議中:StageName__c --","森ビル株式会社 の取引","105600.0","","001RB00001VTqWFYA1","003RB00001NsVhqYAF","","2026-03-01","","","8800.0","","","決済手続/稟議中","2026-03-12","","","",""
"","INVALID_OR_NULL_FOR_RESTRICTED_PICKLIST:失注理由: 制限つき選択リスト項目の値が不適切: 顧客の疑問や不安を解消できていない:LostReason__c --","三弘建築事務所株式会社","672000.0","","001RB00001VTqxpYAD","","","2026-03-01","2026-05-21","顧客の疑問や不安を解消できていない","56000.0","","","導入意向の確認中","2026-05-21","","","",""
"","INVALID_OR_NULL_FOR_RESTRICTED_PICKLIST:失注理由: 制限つき選択リスト項目の値が不適切: 他社と契約済み:LostReason__c --","株式会社大阪ガスファシリティーズ の取引","0.0","","001RB00001VTqxqYAD","003RB00001NsVhrYAF","","","2026-01-21","他社と契約済み","0.0","","","打ち合わせセッティング完了","2026-01-21","","","",""
"","INVALID_OR_NULL_FOR_RESTRICTED_PICKLIST:ステージ: 制限つき選択リスト項目の値が不適切: 休眠:StageName__c --","TR-Archi Office の取引","0.0","","001RB00001VTqnPYAT","","","","","","0.0","","","休眠","","","","",""
"","INVALID_OR_NULL_FOR_RESTRICTED_PICKLIST:ステージ: 制限つき選択リスト項目の値が不適切: 提案作成済み:StageName__c --","東急建設株式会社","0.0","","001RB00001VTrseYAD","","","","","","0.0","2025-10-24","","提案作成済み","","","","",""
"","INVALID_OR_NULL_FOR_RESTRICTED_PICKLIST:ステージ: 制限つき選択リスト項目の値が不適切: 契約開始:StageName__c --","福井コンピュータースマート株式会社","0.0","","001RB00001VTqxrYAD","","","","","","0.0","2026-01-16","","契約開始","","","","",""
"","INVALID_OR_NULL_FOR_RESTRICTED_PICKLIST:ステージ: 制限つき選択リスト項目の値が不適切: 決済手続/稟議中:StageName__c --","三越伊勢丹プロパティデザイン株式会社","528000.0","","001RB00001VTqxsYAD","","","","","","44000.0","","","決済手続/稟議中","2025-12-17","","","",""
"","INVALID_OR_NULL_FOR_RESTRICTED_PICKLIST:ステージ: 制限つき選択リスト項目の値が不適切: 決済手続き中/稟議中:StageName__c --","株式会社住研川越 の取引","145200.0","","001RB00001VTqxtYAD","003RB00001NsVhuYAF","","","","","12100.0","","","決済手続き中/稟議中","2025-11-04","","","",""
"","INVALID_OR_NULL_FOR_RESTRICTED_PICKLIST:ステージ: 制限つき選択リスト項目の値が不適切: 決済手続/稟議中:StageName__c --","荏原環境プラント株式会社 の取引","2390000.0","","001RB00001VTqxuYAD","003RB00001NsVhvYAF","","2026-05-01","","","170000.0","","","決済手続/稟議中","","","","",""
"","INVALID_OR_NULL_FOR_RESTRICTED_PICKLIST:ステージ: 制限つき選択リスト項目の値が不適切: 社内検討中:StageName__c --","株式会社ホープハウスシステム の取引","0.0","","001RB00001VTqliYAD","003RB00001NsNceYAF","","","","","0.0","","","社内検討中","","","","",""
"","INVALID_OR_NULL_FOR_RESTRICTED_PICKLIST:失注理由: 制限つき選択リスト項目の値が不適切: ニーズとのミスマッチ:LostReason__c --","株式会社ビヨンドボーダーズ の取引","0.0","","001RB00001VTqxvYAD","003RB00001NsVhwYAF","","","2026-02-25","ニーズとのミスマッチ","0.0","","","お打ち合わせセッティング完了","2026-02-25","","","",""
"","INVALID_OR_NULL_FOR_RESTRICTED_PICKLIST:ステージ: 制限つき選択リスト項目の値が不適切: お問い合わせ受領:StageName__c --","株式会社brackets の取引","105600.0","","001RB00001VTqxwYAD","003RB00001NsWwlYAF","","","","","8800.0","","","お問い合わせ受領","","","","",""
"","INVALID_OR_NULL_FOR_RESTRICTED_PICKLIST:ステージ: 制限つき選択リスト項目の値が不適切: 内容の調整中:StageName__c --","株式会社エムアールビジネス の取引","0.0","","001RB00001VTqxxYAD","003RB00001NsVi3YAF","","","","","0.0","","","内容の調整中","","","","",""
"","INVALID_OR_NULL_FOR_RESTRICTED_PICKLIST:ステージ: 制限つき選択リスト項目の値が不適切: 契約手続き中:StageName__c --","株式会社ホープハウスシステム","0.0","","001RB00001VTqliYAD","003RB00001NsNceYAF","","","","","0.0","","","契約手続き中","","","","",""
"","INVALID_OR_NULL_FOR_RESTRICTED_PICKLIST:ステージ: 制限つき選択リスト項目の値が不適切: 意思決定構造の可視化:StageName__c --","株式会社店研創意","900000.0","","001RB00001VTqxyYAD","","","2026-04-01","","","75000.0","2025-12-17","","意思決定構造の可視化","","","","",""
"","INVALID_OR_NULL_FOR_RESTRICTED_PICKLIST:ステージ: 制限つき選択リスト項目の値が不適切: お問い合わせ受領:StageName__c --","株式会社FUNC DESIGN の取引","105600.0","","001RB00001VTqxzYAD","003RB00001NsWwmYAF","","","","","8800.0","","","お問い合わせ受領","","","","",""
"","INVALID_OR_NULL_FOR_RESTRICTED_PICKLIST:ステージ: 制限つき選択リスト項目の値が不適切: 休眠:StageName__c --","株式会社サイバーエージェント の取引","316800.0","","001RB00001VTqy0YAD","003RB00001NsVi5YAF","","","","","26400.0","","","休眠","","","","",""
"","INVALID_OR_NULL_FOR_RESTRICTED_PICKLIST:ステージ: 制限つき選択リスト項目の値が不適切: 導入意向の確認中:StageName__c --","豊通ファシリティーズ株式会社 の取引","105600.0","","001RB00001VTqy1YAD","003RB00001NsWwnYAF","","","","","8800.0","","","導入意向の確認中","2026-01-05","","","",""
"","INVALID_OR_NULL_FOR_RESTRICTED_PICKLIST:ステージ: 制限つき選択リスト項目の値が不適切: トライアル中:StageName__c --","東急リバブル株式会社","1800000.0","","001RB00001VTqy2YAD","","","2026-04-01","","","150000.0","2026-01-14","","トライアル中","","","","",""
"","INVALID_OR_NULL_FOR_RESTRICTED_PICKLIST:失注理由: 制限つき選択リスト項目の値が不適切: サポート体制・実績不足:LostReason__c --","株式会社アルテ","1584000.0","","001RB00001VTqy3YAD","","","","2026-01-04","サポート体制・実績不足","132000.0","","","導入意向の確認中","2026-01-04","","","",""
"","INVALID_OR_NULL_FOR_RESTRICTED_PICKLIST:ステージ: 制限つき選択リスト項目の値が不適切: 休眠:StageName__c --","8175 STUDIO の取引","105600.0","","001RB00001VTqy4YAD","003RB00001NsVi6YAF","","2026-04-15","","","8800.0","","","休眠","","","","",""
"","INVALID_OR_NULL_FOR_RESTRICTED_PICKLIST:ステージ: 制限つき選択リスト項目の値が不適切: 休眠:StageName__c --","株式会社日企設計","460800.0","","001RB00001VTqy6YAD","","","2026-02-20","","","38400.0","","","休眠","","","","",""
"","INVALID_OR_NULL_FOR_RESTRICTED_PICKLIST:ステージ: 制限つき選択リスト項目の値が不適切: お問い合わせ受領:StageName__c --","地盤ネット株式会社 の取引","422400.0","","001RB00001VTrtxYAD","003RB00001NsMP3YAN","","","","","35200.0","","","お問い合わせ受領","","","","",""
"","INVALID_OR_NULL_FOR_RESTRICTED_PICKLIST:ステージ: 制限つき選択リスト項目の値が不適切: 打ち合わせセッティング完了:StageName__c --","株式会社Lakke の取引","145200.0","","001RB00001VTqy7YAD","003RB00001NsWwpYAF","","","","","12100.0","","","打ち合わせセッティング完了","2025-11-10","","","",""
"","INVALID_OR_NULL_FOR_RESTRICTED_PICKLIST:ステージ: 制限つき選択リスト項目の値が不適切: 打ち合わせセッティング完了:StageName__c --","株式会社ササキハウス の取引","145200.0","","001RB00001VTreSYAT","003RB00001NsWwqYAF","","","","","12100.0","","","打ち合わせセッティング完了","2025-11-24","","","",""
"","INVALID_OR_NULL_FOR_RESTRICTED_PICKLIST:ステージ: 制限つき選択リスト項目の値が不適切: アップセル仮説成立:StageName__c --","生和コーポレーション株式会社 Update","1800000.0","","001RB00001VTqmcYAD","","","","","","150000.0","","","アップセル仮説成立","","","","",""
"","INVALID_OR_NULL_FOR_RESTRICTED_PICKLIST:ステージ: 制限つき選択リスト項目の値が不適切: 決済手続/稟議中:StageName__c --","群馬セキスイハイム株式会社","211200.0","","001RB00001VTrvkYAD","","","2026-03-01","","","17600.0","","","決済手続/稟議中","","","","",""
"","INVALID_OR_NULL_FOR_RESTRICTED_PICKLIST:ステージ: 制限つき選択リスト項目の値が不適切: 社内検討中:StageName__c --","石友ホーム株式会社 の取引","0.0","","001RB00001VTrdXYAT","003RB00001NsViZYAV","","","","","0.0","","","社内検討中","","","","",""
"","INVALID_OR_NULL_FOR_RESTRICTED_PICKLIST:ステージ: 制限つき選択リスト項目の値が不適切: 導入意向の確認中:StageName__c --","JR九州コンサルタンツ株式会社","105600.0","","001RB00001VTqnyYAD","003RB00001NsUI8YAN","","","","","8800.0","","","導入意向の確認中","2025-11-14","","","",""
"","INVALID_OR_NULL_FOR_RESTRICTED_PICKLIST:ステージ: 制限つき選択リスト項目の値が不適切: 社内検討中:StageName__c --","ハゼモト建設株式会社","726000.0","","001RB00001VTqyAYAT","003RB00001NsViCYAV","","","","","60500.0","","","社内検討中","2025-11-17","","","",""
"","INVALID_OR_NULL_FOR_RESTRICTED_PICKLIST:ステージ: 制限つき選択リスト項目の値が不適切: 休眠:StageName__c --","(株)ビ・ハウス","528000.0","","001RB00001VTqyTYAT","003RB00001NsWwyYAF","","","","","44000.0","2025-11-17","","休眠","","","","",""
"","INVALID_OR_NULL_FOR_RESTRICTED_PICKLIST:ステージ: 制限つき選択リスト項目の値が不適切: 休眠:StageName__c --","株式会社IAO竹田設計 の取引","0.0","","001RB00001VTr0JYAT","","","","","","0.0","","","休眠","","","","",""
"","INVALID_OR_NULL_FOR_RESTRICTED_PICKLIST:ステージ: 制限つき選択リスト項目の値が不適切: 休眠:StageName__c --","イナバインターナショナル株式会社 の取引","900000.0","","001RB00001VTr0MYAT","003RB00001NsVidYAF","","","","","75000.0","","","休眠","","","","",""
"","INVALID_OR_NULL_FOR_RESTRICTED_PICKLIST:ステージ: 制限つき選択リスト項目の値が不適切: 決済手続/稟議中:StageName__c --","株式会社THREE","211200.0","","001RB00001VTr0KYAT","003RB00001NsVibYAF","","","","","17600.0","","","決済手続/稟議中","2025-11-21","","","",""
"","INVALID_OR_NULL_FOR_RESTRICTED_PICKLIST:ステージ: 制限つき選択リスト項目の値が不適切: 社内検討中:StageName__c --","株式会社オフィスネット","211200.0","","001RB00001VTrFnYAL","","","","","","17600.0","","","社内検討中","","","","",""
"","INVALID_OR_NULL_FOR_RESTRICTED_PICKLIST:失注理由: 制限つき選択リスト項目の値が不適切: 予算不足(初期費用・移行コスト):LostReason__c --","株式会社エドケンハウス の取引","0.0","","001RB00001VTrFoYAL","","","","2026-03-02","予算不足(初期費用・移行コスト)","0.0","","","休眠","2026-03-02","","","",""
"","INVALID_OR_NULL_FOR_RESTRICTED_PICKLIST:ステージ: 制限つき選択リスト項目の値が不適切: お問い合わせ受領:StageName__c --","株式会社スタジオ・ノア の取引","105600.0","","001RB00001VTrFpYAL","003RB00001NsWx3YAF","","","","","8800.0","","","お問い合わせ受領","","","","",""
"","INVALID_OR_NULL_FOR_RESTRICTED_PICKLIST:ステージ: 制限つき選択リスト項目の値が不適切: お問い合わせ受領:StageName__c --","株式会社アイリン の取引","211200.0","","001RB00001VTqnPYAT","003RB00001NsVigYAF","","","","","17600.0","","","お問い合わせ受領","","","","",""
"","INVALID_OR_NULL_FOR_RESTRICTED_PICKLIST:ステージ: 制限つき選択リスト項目の値が不適切: 決済手続/稟議中:StageName__c --","三井住友建設 の取引","105600.0","","001RB00001VTqeXYAT","","","","","","8800.0","2026-03-17","","決済手続/稟議中","2026-03-24","","","",""
"","INVALID_OR_NULL_FOR_RESTRICTED_PICKLIST:ステージ: 制限つき選択リスト項目の値が不適切: トライアル中:StageName__c --","株式会社エサキホーム の取引","0.0","","001RB00001VTrFqYAL","003RB00001NsViiYAF","","","","","0.0","","","トライアル中","","","","",""
"","INVALID_OR_NULL_FOR_RESTRICTED_PICKLIST:ステージ: 制限つき選択リスト項目の値が不適切: 導入意向表明:StageName__c --","株式会社ケン・プロパティマネジメント","145200.0","","001RB00001VTrGkYAL","","","","","","12100.0","","","導入意向表明","2025-11-28","","","",""
"","INVALID_OR_NULL_FOR_RESTRICTED_PICKLIST:ステージ: 制限つき選択リスト項目の値が不適切: 社内検討中:StageName__c --","株式会社エドケンハウス","105600.0","","001RB00001VTrFoYAL","","","","","","8800.0","","","社内検討中","","","","",""
"","INVALID_OR_NULL_FOR_RESTRICTED_PICKLIST:ステージ: 制限つき選択リスト項目の値が不適切: 決済手続/稟議中:StageName__c --","創建ホーム株式会社","1008000.0","","001RB00001VTrm3YAD","","","2026-04-30","","","84000.0","2026-03-03","","決済手続/稟議中","2026-06-04","","","",""
"","INVALID_OR_NULL_FOR_RESTRICTED_PICKLIST:ステージ: 制限つき選択リスト項目の値が不適切: 導入意向表明:StageName__c --","株式会社中村不動産開発","145200.0","","001RB00001VTrGlYAL","003RB00001NsVoeYAF","","","","","12100.0","","","導入意向表明","2025-12-08","","","",""
"","INVALID_OR_NULL_FOR_RESTRICTED_PICKLIST:ステージ: 制限つき選択リスト項目の値が不適切: 導入意向の確認中:StageName__c --","オフィスコム株式会社","211200.0","","001RB00001VTrGnYAL","003RB00001NsWx6YAF","","2026-03-01","","","17600.0","2026-02-09","","導入意向の確認中","","","","",""
"","INVALID_OR_NULL_FOR_RESTRICTED_PICKLIST:ステージ: 制限つき選択リスト項目の値が不適切: 導入意向の確認中:StageName__c --","株式会社丹青社","316800.0","","001RB00001VTr2tYAD","","","2026-07-01","","","26400.0","2025-12-16","","導入意向の確認中","","","","",""
"","INVALID_OR_NULL_FOR_RESTRICTED_PICKLIST:ステージ: 制限つき選択リスト項目の値が不適切: 社内検討中:StageName__c --","田中土建工業株式会社","844800.0","","001RB00001VTqnhYAD","","","","","","70400.0","","","社内検討中","","","","",""
"","INVALID_OR_NULL_FOR_RESTRICTED_PICKLIST:ステージ: 制限つき選択リスト項目の値が不適切: 課題の組織化（個人→組織）:StageName__c --","東急株式会社","0.0","","001RB00001VTrs0YAD","","","","","","0.0","","","課題の組織化（個人→組織）","","","","",""
"","INVALID_OR_NULL_FOR_RESTRICTED_PICKLIST:ステージ: 制限つき選択リスト項目の値が不適切: 社内検討中:StageName__c --","株式会社竹中工務店","900000.0","","001RB00001VTrmaYAD","","","2026-07-01","","","75000.0","","","社内検討中","","","","",""
"","INVALID_OR_NULL_FOR_RESTRICTED_PICKLIST:ステージ: 制限つき選択リスト項目の値が不適切: トライアル中:StageName__c --","大京穴吹不動産株式会社","1122000.0","","001RB00001VTrUmYAL","","","","","","93500.0","","","トライアル中","","","","",""
"","INVALID_OR_NULL_FOR_RESTRICTED_PICKLIST:ステージ: 制限つき選択リスト項目の値が不適切: 決済手続/稟議中:StageName__c --","信和不動産株式会社 の取引","2450000.0","","001RB00001VTrGoYAL","","","2026-06-01","","","175000.0","","","決済手続/稟議中","","","","",""
"","INVALID_OR_NULL_FOR_RESTRICTED_PICKLIST:ステージ: 制限つき選択リスト項目の値が不適切: 休眠:StageName__c --","株式会社ひなたや の取引","105600.0","","001RB00001VTrGqYAL","003RB00001NsVomYAF","","","","","8800.0","","","休眠","","","","",""
"","INVALID_OR_NULL_FOR_RESTRICTED_PICKLIST:ステージ: 制限つき選択リスト項目の値が不適切: 打ち合わせセッティング完了:StageName__c --","株式会社キムラタン の取引","7000.0","","001RB00001VTrUQYA1","","","","","","0.0","","","打ち合わせセッティング完了","2026-01-05","","","",""
"","INVALID_OR_NULL_FOR_RESTRICTED_PICKLIST:ステージ: 制限つき選択リスト項目の値が不適切: 導入意向の確認中:StageName__c --","大東建託株式会社 流通設計部","3240000.0","","001RB00001VTruMYAT","","","2026-07-22","","","270000.0","2026-04-21","","導入意向の確認中","","","","",""
"","INVALID_OR_NULL_FOR_RESTRICTED_PICKLIST:ステージ: 制限つき選択リスト項目の値が不適切: 決済手続/稟議中:StageName__c --","前田建設工業株式会社","900000.0","","001RB00001VTrvVYAT","003RB00001NsLcHYAV","","","","","75000.0","","","決済手続/稟議中","2026-01-15","","","",""
"","INVALID_OR_NULL_FOR_RESTRICTED_PICKLIST:ステージ: 制限つき選択リスト項目の値が不適切: 打ち合わせセッティング完了:StageName__c --","（株）えん道エステート の取引","0.0","","001RB00001VTqmIYAT","003RB00001NsWwQYAV","","","","","0.0","","","打ち合わせセッティング完了","","","","",""
"","INVALID_OR_NULL_FOR_RESTRICTED_PICKLIST:ステージ: 制限つき選択リスト項目の値が不適切: 決済手続/稟議中:StageName__c --","柏井建設 株式会社","900000.0","","001RB00001VTrI5YAL","","","2026-03-05","","","75000.0","","","決済手続/稟議中","2026-03-05","","","",""
"","INVALID_OR_NULL_FOR_RESTRICTED_PICKLIST:失注理由: 制限つき選択リスト項目の値が不適切: 時期ずれ:LostReason__c --","株式会社エディオン","0.0","","001RB00001VTrURYA1","","","","2026-02-13","時期ずれ","0.0","","","トライアル中","2026-02-13","","","",""
"","INVALID_OR_NULL_FOR_RESTRICTED_PICKLIST:ステージ: 制限つき選択リスト項目の値が不適切: 決済手続/稟議中:StageName__c --","株式会社 トーケン","1056000.0","","001RB00001VTrHrYAL","003RB00001NsLbNYAV","","2026-03-01","","","88000.0","","","決済手続/稟議中","2026-02-27","","","",""
"","INVALID_OR_NULL_FOR_RESTRICTED_PICKLIST:ステージ: 制限つき選択リスト項目の値が不適切: 決済手続/稟議中:StageName__c --","株式会社紀伊國屋書店","480000.0","","001RB00001VTrUSYA1","","","2026-03-17","","","40000.0","2026-01-27","","決済手続/稟議中","2026-03-17","","","",""
"","INVALID_OR_NULL_FOR_RESTRICTED_PICKLIST:ステージ: 制限つき選択リスト項目の値が不適切: 休眠:StageName__c --","ヤマハ株式会社","0.0","","001RB00001VTrPrYAL","","","","","","0.0","","","休眠","","","","",""
"","INVALID_OR_NULL_FOR_RESTRICTED_PICKLIST:ステージ: 制限つき選択リスト項目の値が不適切: 決済手続/稟議中:StageName__c --","コンチネンタルホーム株式会社","316800.0","","001RB00001VTqgHYAT","","","2026-03-16","","","26400.0","","","決済手続/稟議中","2026-03-16","","","",""
"","INVALID_OR_NULL_FOR_RESTRICTED_PICKLIST:ステージ: 制限つき選択リスト項目の値が不適切: お問い合わせ受領:StageName__c --","京王建設株式会社 の取引","0.0","","001RB00001VTrUTYA1","003RB00001NsLbQYAV","","","","","0.0","","","お問い合わせ受領","","","","",""
"","INVALID_OR_NULL_FOR_RESTRICTED_PICKLIST:ステージ: 制限つき選択リスト項目の値が不適切: お問い合わせ受領:StageName__c --","テスト","0.0","","","","","","","","0.0","","","お問い合わせ受領","2025-12-25","","","",""
"","INVALID_OR_NULL_FOR_RESTRICTED_PICKLIST:ステージ: 制限つき選択リスト項目の値が不適切: 決済手続/稟議中:StageName__c --","株式会社アールシーコア","3350000.0","","","","","","","","250000.0","","","決済手続/稟議中","2026-01-16","","","",""
"","INVALID_OR_NULL_FOR_RESTRICTED_PICKLIST:ステージ: 制限つき選択リスト項目の値が不適切: 導入意向の確認中:StageName__c --","株式会社REデザイン の取引","361200.0","","","","","2026-09-01","","","17600.0","","","導入意向の確認中","","","","",""
"","INVALID_OR_NULL_FOR_RESTRICTED_PICKLIST:ステージ: 制限つき選択リスト項目の値が不適切: 休眠:StageName__c --","株式会社長谷工コーポレーション","900000.0","","","","","","","","75000.0","","","休眠","","","","",""
"","INVALID_OR_NULL_FOR_RESTRICTED_PICKLIST:ステージ: 制限つき選択リスト項目の値が不適切: 社内検討中:StageName__c --","ナックハウスパートナー 株式会社","356400.0","","","","","","","","29700.0","","","社内検討中","","","","",""
"","INVALID_OR_NULL_FOR_RESTRICTED_PICKLIST:ステージ: 制限つき選択リスト項目の値が不適切: お打ち合わせセッティング完了:StageName__c --","ジェイアール東海コンサルタンツ株式会社 の取引","0.0","","","","","2026-03-30","","","0.0","","","お打ち合わせセッティング完了","","","","",""
"","INVALID_OR_NULL_FOR_RESTRICTED_PICKLIST:ステージ: 制限つき選択リスト項目の値が不適切: 初回打ち合わせ完了:StageName__c --","Metricon株式会社","0.0","","","","","","","","0.0","","","初回打ち合わせ完了","","","","",""
"","INVALID_OR_NULL_FOR_RESTRICTED_PICKLIST:ステージ: 制限つき選択リスト項目の値が不適切: 決済手続/稟議中:StageName__c --","阪急阪神不動産","1360000.0","","","","","2026-06-01","","","105000.0","","","決済手続/稟議中","","","","",""
"","INVALID_OR_NULL_FOR_RESTRICTED_PICKLIST:ステージ: 制限つき選択リスト項目の値が不適切: トライアル中:StageName__c --","エスコンリビングサービス取引","3500.0","","","","","","","","0.0","","","トライアル中","","","","",""
"","INVALID_OR_NULL_FOR_RESTRICTED_PICKLIST:ステージ: 制限つき選択リスト項目の値が不適切: 休眠:StageName__c --","YKK AP 株式会社","1800000.0","","","","","2026-05-01","","","150000.0","2026-04-15","","休眠","","","","",""
"","INVALID_OR_NULL_FOR_RESTRICTED_PICKLIST:ステージ: 制限つき選択リスト項目の値が不適切: 社内検討中:StageName__c --","くらし研究室の取引","0.0","","","","","","","","0.0","","","社内検討中","","","","",""
"","INVALID_OR_NULL_FOR_RESTRICTED_PICKLIST:ステージ: 制限つき選択リスト項目の値が不適切: 決済手続/稟議中:StageName__c --","株式会社大伸社ディライト の取引","211200.0","","","","","2026-04-01","","","17600.0","","","決済手続/稟議中","","","","",""
"","INVALID_OR_NULL_FOR_RESTRICTED_PICKLIST:失注理由: 制限つき選択リスト項目の値が不適切: ニーズとのミスマッチ:LostReason__c --","株式会社 えん道エステート","0.0","","","","","","2026-03-16","ニーズとのミスマッチ","0.0","","","トライアル中","2026-03-16","","","",""
"","INVALID_OR_NULL_FOR_RESTRICTED_PICKLIST:ステージ: 制限つき選択リスト項目の値が不適切: 社内検討中:StageName__c --","京王建設株式会社","0.0","","","","","","","","0.0","","","社内検討中","","","","",""
"","INVALID_OR_NULL_FOR_RESTRICTED_PICKLIST:ステージ: 制限つき選択リスト項目の値が不適切: お問い合わせ受領:StageName__c --","個人 の取引","0.0","","","","","","","","0.0","","","お問い合わせ受領","2025-07-07","","","",""
"","INVALID_OR_NULL_FOR_RESTRICTED_PICKLIST:ステージ: 制限つき選択リスト項目の値が不適切: お問い合わせ受領:StageName__c --","公益財団法人・NPO等RIM系団体 の取引","5500.0","","","","","","","","0.0","","","お問い合わせ受領","2025-05-23","","","",""
"","INVALID_OR_NULL_FOR_RESTRICTED_PICKLIST:ステージ: 制限つき選択リスト項目の値が不適切: お問い合わせ受領:StageName__c --","DEF BAUM の取引","5500.0","","","","","","","","0.0","","","お問い合わせ受領","2025-08-12","","","",""
"","INVALID_OR_NULL_FOR_RESTRICTED_PICKLIST:ステージ: 制限つき選択リスト項目の値が不適切: お問い合わせ受領:StageName__c --","横松建設株式会社 等 の取引","8800.0","","","","","","","","0.0","","","お問い合わせ受領","2025-04-22","","","",""
"","INVALID_OR_NULL_FOR_RESTRICTED_PICKLIST:ステージ: 制限つき選択リスト項目の値が不適切: お問い合わせ受領:StageName__c --","個人 の取引","0.0","","","","","","","","0.0","","","お問い合わせ受領","2025-09-05","","","",""
"","INVALID_OR_NULL_FOR_RESTRICTED_PICKLIST:ステージ: 制限つき選択リスト項目の値が不適切: お問い合わせ受領:StageName__c --","IB設計 の取引","8800.0","","","","","","","","0.0","","","お問い合わせ受領","2025-03-02","","","",""
"","INVALID_OR_NULL_FOR_RESTRICTED_PICKLIST:ステージ: 制限つき選択リスト項目の値が不適切: お問い合わせ受領:StageName__c --","株式会社ひかり工務店 の取引","0.0","","","","","","","","0.0","","","お問い合わせ受領","2025-06-24","","","",""
"","INVALID_OR_NULL_FOR_RESTRICTED_PICKLIST:ステージ: 制限つき選択リスト項目の値が不適切: お問い合わせ受領:StageName__c --","個人 の取引","8800.0","","","","","","","","0.0","","","お問い合わせ受領","2025-04-04","","","",""
"","INVALID_OR_NULL_FOR_RESTRICTED_PICKLIST:ステージ: 制限つき選択リスト項目の値が不適切: お問い合わせ受領:StageName__c --","個人 の取引","8800.0","","","","","","","","0.0","","","お問い合わせ受領","2025-02-19","","","",""
"","INVALID_OR_NULL_FOR_RESTRICTED_PICKLIST:ステージ: 制限つき選択リスト項目の値が不適切: お問い合わせ受領:StageName__c --","秋好建築設計事務所 の取引","8800.0","","","","","","","","0.0","","","お問い合わせ受領","2025-02-27","","","",""
"","INVALID_OR_NULL_FOR_RESTRICTED_PICKLIST:ステージ: 制限つき選択リスト項目の値が不適切: お問い合わせ受領:StageName__c --","IB設計 の取引","8800.0","","","","","","","","0.0","","","お問い合わせ受領","2025-03-02","","","",""
"","INVALID_OR_NULL_FOR_RESTRICTED_PICKLIST:ステージ: 制限つき選択リスト項目の値が不適切: お問い合わせ受領:StageName__c --","個人 の取引","0.0","","","","","","","","0.0","","","お問い合わせ受領","2025-09-05","","","",""
"","INVALID_OR_NULL_FOR_RESTRICTED_PICKLIST:ステージ: 制限つき選択リスト項目の値が不適切: お問い合わせ受領:StageName__c --","有限会社ジャモアソシエイツ の取引","8800.0","","","","","","","","0.0","","","お問い合わせ受領","2025-03-31","","","",""
"","INVALID_OR_NULL_FOR_RESTRICTED_PICKLIST:ステージ: 制限つき選択リスト項目の値が不適切: お問い合わせ受領:StageName__c --","の取引","0.0","","","","","","","","0.0","","","お問い合わせ受領","2025-12-19","","","",""
"","INVALID_OR_NULL_FOR_RESTRICTED_PICKLIST:ステージ: 制限つき選択リスト項目の値が不適切: お問い合わせ受領:StageName__c --","プロバイダ型ドメイン の取引","8800.0","","","","","","","","0.0","","","お問い合わせ受領","2025-09-01","","","",""
"","INVALID_OR_NULL_FOR_RESTRICTED_PICKLIST:ステージ: 制限つき選択リスト項目の値が不適切: お問い合わせ受領:StageName__c --","横松建設株式会社 等 の取引","8800.0","","","","","","","","0.0","","","お問い合わせ受領","2025-04-22","","","",""
"","INVALID_OR_NULL_FOR_RESTRICTED_PICKLIST:ステージ: 制限つき選択リスト項目の値が不適切: お問い合わせ受領:StageName__c --","株式会社JTBアセットマネジメント の取引","0.0","","","","","","","","0.0","","","お問い合わせ受領","2025-11-11","","","",""
"","INVALID_OR_NULL_FOR_RESTRICTED_PICKLIST:ステージ: 制限つき選択リスト項目の値が不適切: お問い合わせ受領:StageName__c --","ゴールドクレスト株式会社 の取引","8800.0","","","","","","","","0.0","","","お問い合わせ受領","2025-05-14","","","",""
"","INVALID_OR_NULL_FOR_RESTRICTED_PICKLIST:ステージ: 制限つき選択リスト項目の値が不適切: お問い合わせ受領:StageName__c --","株式会社WIZU の取引","17600.0","","","","","","","","0.0","","","お問い合わせ受領","2025-09-17","","","",""
"","INVALID_OR_NULL_FOR_RESTRICTED_PICKLIST:ステージ: 制限つき選択リスト項目の値が不適切: お問い合わせ受領:StageName__c --","株式会社テンランド の取引","8800.0","","","","","","","","0.0","","","お問い合わせ受領","2025-06-23","","","",""
"","INVALID_OR_NULL_FOR_RESTRICTED_PICKLIST:ステージ: 制限つき選択リスト項目の値が不適切: お問い合わせ受領:StageName__c --","個人 の取引","8800.0","","","","","","","","0.0","","","お問い合わせ受領","2025-07-14","","","",""
"","INVALID_OR_NULL_FOR_RESTRICTED_PICKLIST:ステージ: 制限つき選択リスト項目の値が不適切: お問い合わせ受領:StageName__c --","株式会社ぷららネットワークス の取引","8800.0","","","","","","","","0.0","","","お問い合わせ受領","2025-06-29","","","",""
"","INVALID_OR_NULL_FOR_RESTRICTED_PICKLIST:ステージ: 制限つき選択リスト項目の値が不適切: お問い合わせ受領:StageName__c --","個人 の取引","8800.0","","","","","","","","0.0","","","お問い合わせ受領","2025-07-09","","","",""
"","INVALID_OR_NULL_FOR_RESTRICTED_PICKLIST:ステージ: 制限つき選択リスト項目の値が不適切: お問い合わせ受領:StageName__c --","mizuiro architects 一級建築士事務所 の取引","0.0","","","","","","","","0.0","","","お問い合わせ受領","2025-07-20","","","",""
"","INVALID_OR_NULL_FOR_RESTRICTED_PICKLIST:ステージ: 制限つき選択リスト項目の値が不適切: お問い合わせ受領:StageName__c --","株式会社ライフステージ の取引","17600.0","","","","","","","","0.0","","","お問い合わせ受領","2025-07-11","","","",""
"","INVALID_OR_NULL_FOR_RESTRICTED_PICKLIST:ステージ: 制限つき選択リスト項目の値が不適切: お問い合わせ受領:StageName__c --","個人 の取引","8800.0","","","","","","","","0.0","","","お問い合わせ受領","2025-07-14","","","",""
"","INVALID_OR_NULL_FOR_RESTRICTED_PICKLIST:ステージ: 制限つき選択リスト項目の値が不適切: お問い合わせ受領:StageName__c --","個人 の取引","8800.0","","","","","","","","0.0","","","お問い合わせ受領","2025-07-15","","","",""
"","INVALID_OR_NULL_FOR_RESTRICTED_PICKLIST:ステージ: 制限つき選択リスト項目の値が不適切: お問い合わせ受領:StageName__c --","野村不動産ホールディングス株式会社 の取引","8800.0","","","","","","","","0.0","","","お問い合わせ受領","2025-07-18","","","",""
"","INVALID_OR_NULL_FOR_RESTRICTED_PICKLIST:ステージ: 制限つき選択リスト項目の値が不適切: お問い合わせ受領:StageName__c --","Apple Inc. の取引","8800.0","","","","","","","","0.0","","","お問い合わせ受領","2025-11-21","","","",""
"","INVALID_OR_NULL_FOR_RESTRICTED_PICKLIST:ステージ: 制限つき選択リスト項目の値が不適切: お問い合わせ受領:StageName__c --","昭和建設株式会社 等 の取引","17600.0","","","","","","","","0.0","","","お問い合わせ受領","2025-09-24","","","",""
"","INVALID_OR_NULL_FOR_RESTRICTED_PICKLIST:ステージ: 制限つき選択リスト項目の値が不適切: お問い合わせ受領:StageName__c --","個人 の取引","0.0","","","","","","","","0.0","","","お問い合わせ受領","2025-09-01","","","",""
"","INVALID_OR_NULL_FOR_RESTRICTED_PICKLIST:ステージ: 制限つき選択リスト項目の値が不適切: お問い合わせ受領:StageName__c --","株式会社一条工務店 の取引","0.0","","","","","","","","0.0","","","お問い合わせ受領","2025-08-29","","","",""
"","INVALID_OR_NULL_FOR_RESTRICTED_PICKLIST:ステージ: 制限つき選択リスト項目の値が不適切: お問い合わせ受領:StageName__c --","夢企工 の取引","8800.0","","","","","","","","0.0","","","お問い合わせ受領","2025-09-04","","","",""
"","INVALID_OR_NULL_FOR_RESTRICTED_PICKLIST:ステージ: 制限つき選択リスト項目の値が不適切: お問い合わせ受領:StageName__c --","個人 の取引","8800.0","","","","","","","","0.0","","","お問い合わせ受領","2025-11-13","","","",""
"","INVALID_OR_NULL_FOR_RESTRICTED_PICKLIST:ステージ: 制限つき選択リスト項目の値が不適切: お問い合わせ受領:StageName__c --","の取引","8800.0","","","","","","","","0.0","","","お問い合わせ受領","2025-12-17","","","",""
"","INVALID_OR_NULL_FOR_RESTRICTED_PICKLIST:ステージ: 制限つき選択リスト項目の値が不適切: お問い合わせ受領:StageName__c --","㈱ライフステージ の取引","17600.0","","","","","","","","0.0","","","お問い合わせ受領","2025-07-11","","","",""
"","INVALID_OR_NULL_FOR_RESTRICTED_PICKLIST:ステージ: 制限つき選択リスト項目の値が不適切: お問い合わせ受領:StageName__c --","の取引","0.0","","","","","","","","0.0","","","お問い合わせ受領","2025-12-19","","","",""
"","INVALID_OR_NULL_FOR_RESTRICTED_PICKLIST:失注理由: 制限つき選択リスト項目の値が不適切: ニーズとのミスマッチ:LostReason__c --","株式会社リアルゲイト","1800000.0","","","","","2026-05-01","2026-05-19","ニーズとのミスマッチ","150000.0","2026-03-18","","導入意向の確認中","2026-05-19","","","",""
"","INVALID_OR_NULL_FOR_RESTRICTED_PICKLIST:ステージ: 制限つき選択リスト項目の値が不適切: 決済手続/稟議中:StageName__c --","株式会社NTTファシリティーズ の取引","1800000.0","","","","","2026-06-02","","","150000.0","","","決済手続/稟議中","2026-05-29","","","",""
"","INVALID_OR_NULL_FOR_RESTRICTED_PICKLIST:ステージ: 制限つき選択リスト項目の値が不適切: お打ち合わせセッティング完了:StageName__c --","フロアマイスター株式会社 の取引","105600.0","","","","","","","","8800.0","2026-02-25","","お打ち合わせセッティング完了","","","","",""
"","INVALID_OR_NULL_FOR_RESTRICTED_PICKLIST:失注理由: 制限つき選択リスト項目の値が不適切: ニーズとのミスマッチ:LostReason__c --","大和ハウス工業 株式会社","900000.0","","","","","","2026-05-25","ニーズとのミスマッチ","75000.0","","","社内検討中","2026-05-25","","","",""
"","INVALID_OR_NULL_FOR_RESTRICTED_PICKLIST:ステージ: 制限つき選択リスト項目の値が不適切: 社内検討中:StageName__c --","株式会社グッドライフ の取引","1800000.0","","","","","2026-06-23","","","150000.0","2026-03-06","","社内検討中","","","","",""
"","INVALID_OR_NULL_FOR_RESTRICTED_PICKLIST:ステージ: 制限つき選択リスト項目の値が不適切: トライアル中:StageName__c --","株式会社ReGo","145200.0","","","","","","","","12100.0","","","トライアル中","2026-01-31","","","",""
"","INVALID_OR_NULL_FOR_RESTRICTED_PICKLIST:ステージ: 制限つき選択リスト項目の値が不適切: 社内検討中:StageName__c --","東京ガスリノベーション株式会社","145200.0","","","","","","","","12100.0","","","社内検討中","","","","",""
"","INVALID_OR_NULL_FOR_RESTRICTED_PICKLIST:ステージ: 制限つき選択リスト項目の値が不適切: お打ち合わせセッティング完了:StageName__c --","笹木産業株式会社","0.0","","","","","","","","0.0","","","お打ち合わせセッティング完了","","","","",""
"","INVALID_OR_NULL_FOR_RESTRICTED_PICKLIST:ステージ: 制限つき選択リスト項目の値が不適切: 導入意向の確認中:StageName__c --","ヒューリックプロパティソリューション株式会社","2450000.0","","","","","2026-05-14","","","175000.0","","","導入意向の確認中","","","","",""
"","INVALID_OR_NULL_FOR_RESTRICTED_PICKLIST:ステージ: 制限つき選択リスト項目の値が不適切: お打ち合わせセッティング完了:StageName__c --","株式会社田中建設 の取引","0.0","","","","","","","","0.0","","","お打ち合わせセッティング完了","","","","",""
"","INVALID_OR_NULL_FOR_RESTRICTED_PICKLIST:ステージ: 制限つき選択リスト項目の値が不適切: お打ち合わせセッティング完了:StageName__c --","京阪電鉄不動産株式会社","105600.0","","","","","","","","8800.0","2026-02-25","","お打ち合わせセッティング完了","","","","",""
"","INVALID_OR_NULL_FOR_RESTRICTED_PICKLIST:ステージ: 制限つき選択リスト項目の値が不適切: お打ち合わせセッティング完了:StageName__c --","株式会社久保建築設計 の取引","900000.0","","","","","","","","75000.0","","","お打ち合わせセッティング完了","","","","",""
"","INVALID_OR_NULL_FOR_RESTRICTED_PICKLIST:ステージ: 制限つき選択リスト項目の値が不適切: お打ち合わせセッティング完了:StageName__c --","北斗工業エンヂニアリング　株式会社 の取引","0.0","","","","","","","","0.0","","","お打ち合わせセッティング完了","","","","",""
"","INVALID_OR_NULL_FOR_RESTRICTED_PICKLIST:ステージ: 制限つき選択リスト項目の値が不適切: 導入意向表明:StageName__c --","東宝ハウス調布","726000.0","","","","","","","","60500.0","","","導入意向表明","2026-02-02","","","",""
"","INVALID_OR_NULL_FOR_RESTRICTED_PICKLIST:ステージ: 制限つき選択リスト項目の値が不適切: お打ち合わせセッティング完了:StageName__c --","株式会社 未来建築工房 の取引","0.0","","","","","","","","0.0","","","お打ち合わせセッティング完了","","","","",""
"","INVALID_OR_NULL_FOR_RESTRICTED_PICKLIST:ステージ: 制限つき選択リスト項目の値が不適切: 決済手続/稟議中:StageName__c --","ジーク株式会社","900000.0","","","","","","","","75000.0","","","決済手続/稟議中","2026-01-26","","","",""
"","INVALID_OR_NULL_FOR_RESTRICTED_PICKLIST:ステージ: 制限つき選択リスト項目の値が不適切: 問い合わせ受領:StageName__c --","株式会社さくら総合地所","0.0","","","","","","","","0.0","2026-04-23","","問い合わせ受領","","","","",""
"","INVALID_OR_NULL_FOR_RESTRICTED_PICKLIST:ステージ: 制限つき選択リスト項目の値が不適切: 社内検討中:StageName__c --","株式会社田中建設","0.0","","","","","","","","0.0","","","社内検討中","","","","",""
"","INVALID_OR_NULL_FOR_RESTRICTED_PICKLIST:ステージ: 制限つき選択リスト項目の値が不適切: 休眠:StageName__c --","亀飼遼太 様","0.0","","","","","","","","0.0","","","休眠","","","","",""
"","INVALID_OR_NULL_FOR_RESTRICTED_PICKLIST:ステージ: 制限つき選択リスト項目の値が不適切: 休眠:StageName__c --","(株)ビ・ハウス","0.0","","","","","","","","0.0","","","休眠","","","","",""
"","INVALID_OR_NULL_FOR_RESTRICTED_PICKLIST:ステージ: 制限つき選択リスト項目の値が不適切: 問い合わせ受領:StageName__c --","Act Amuse Japan 株式会社","0.0","","","","","","","","0.0","2026-06-01","","問い合わせ受領","","","","",""
"","INVALID_OR_NULL_FOR_RESTRICTED_PICKLIST:ステージ: 制限つき選択リスト項目の値が不適切: お打ち合わせセッティング完了:StageName__c --","realize の取引","0.0","","","","","","","","0.0","","","お打ち合わせセッティング完了","","","","",""
"","INVALID_OR_NULL_FOR_RESTRICTED_PICKLIST:ステージ: 制限つき選択リスト項目の値が不適切: 決済手続/稟議中:StageName__c --","Phantom株式会社","211200.0","","","","","","","","17600.0","","","決済手続/稟議中","2026-01-29","","","",""
"","INVALID_OR_NULL_FOR_RESTRICTED_PICKLIST:ステージ: 制限つき選択リスト項目の値が不適切: 決済手続/稟議中:StageName__c --","梅林建設株式会社 の取引","900000.0","","","","","2026-05-31","","","75000.0","","","決済手続/稟議中","2026-05-20","","","",""
"","INVALID_OR_NULL_FOR_RESTRICTED_PICKLIST:ステージ: 制限つき選択リスト項目の値が不適切: お問い合わせ受領:StageName__c --","株式会社小林創建","105600.0","","","","","","","","8800.0","","","お問い合わせ受領","","","","",""
"","INVALID_OR_NULL_FOR_RESTRICTED_PICKLIST:ステージ: 制限つき選択リスト項目の値が不適切: 社内検討中:StageName__c --","東建コーポレーション株式会社","211200.0","","","","","","","","17600.0","","","社内検討中","","","","",""
"","INVALID_OR_NULL_FOR_RESTRICTED_PICKLIST:ステージ: 制限つき選択リスト項目の値が不適切: 決済手続/稟議中:StageName__c --","錢高組","316800.0","","","","","2026-02-06","","","26400.0","","","決済手続/稟議中","2026-02-04","","","",""
"","INVALID_OR_NULL_FOR_RESTRICTED_PICKLIST:ステージ: 制限つき選択リスト項目の値が不適切: 決済手続/稟議中:StageName__c --","トヨタコニックプロ株式会社 の取引","1360000.0","","","","","2026-05-01","","","105000.0","","","決済手続/稟議中","","","","",""
"","INVALID_OR_NULL_FOR_RESTRICTED_PICKLIST:ステージ: 制限つき選択リスト項目の値が不適切: 社内検討中:StageName__c --","株式会社おきなわアセットブリッジ","145200.0","","","","","","","","12100.0","","","社内検討中","","","","",""
"","INVALID_OR_NULL_FOR_RESTRICTED_PICKLIST:ステージ: 制限つき選択リスト項目の値が不適切: 導入意向の確認中:StageName__c --","相鉄不動産株式会社","1800000.0","","","","","2026-05-27","","","150000.0","2026-03-17","","導入意向の確認中","","","","",""
"","INVALID_OR_NULL_FOR_RESTRICTED_PICKLIST:ステージ: 制限つき選択リスト項目の値が不適切: 決済手続/稟議中:StageName__c --","株式会社E・M・LUMBER","105600.0","","","","","","","","8800.0","","","決済手続/稟議中","2026-02-09","","","",""
"","INVALID_OR_NULL_FOR_RESTRICTED_PICKLIST:ステージ: 制限つき選択リスト項目の値が不適切: 休眠:StageName__c --","株式会社小河原建設 の取引","105600.0","","","","","2026-04-30","","","8800.0","","","休眠","","","","",""
"","INVALID_OR_NULL_FOR_RESTRICTED_PICKLIST:ステージ: 制限つき選択リスト項目の値が不適切: 決済手続/稟議中:StageName__c --","ストレッチテント・カンパニー","105600.0","","","","","2026-02-06","","","8800.0","","","決済手続/稟議中","2026-02-09","","","",""
"","INVALID_OR_NULL_FOR_RESTRICTED_PICKLIST:ステージ: 制限つき選択リスト項目の値が不適切: 社内検討中:StageName__c --","トヨタコニックプロ株式会社","528000.0","","","","","","","","44000.0","","","社内検討中","","","","",""
"","INVALID_OR_NULL_FOR_RESTRICTED_PICKLIST:ステージ: 制限つき選択リスト項目の値が不適切: S2 初期定着:StageName__c --","三井不動産レジデンシャルリース株式会社(ソリ推)のCS","1584000.0","","","","","","","","132000.0","","","S2 初期定着","","","","",""
"","INVALID_OR_NULL_FOR_RESTRICTED_PICKLIST:ステージ: 制限つき選択リスト項目の値が不適切: 課題の組織化（個人→組織）:StageName__c --","錢高組","316800.0","","","","","2026-02-06","","","26400.0","","","課題の組織化（個人→組織）","","","","",""
"","INVALID_OR_NULL_FOR_RESTRICTED_PICKLIST:ステージ: 制限つき選択リスト項目の値が不適切: S1 導入直後:StageName__c --","日鉄興和不動産株式会社（S)","2340000.0","","","","","2026-03-31","","","195000.0","","","S1 導入直後","","","","",""
"","INVALID_OR_NULL_FOR_RESTRICTED_PICKLIST:失注理由: 制限つき選択リスト項目の値が不適切: 返信なし *なるべく他の理由に:LostReason__c --","株式会社B-PROJECT の取引 (B)","792000.0","","","","","","2026-04-22","返信なし *なるべく他の理由に","66000.0","","","S5 リスク","2026-04-22","","","",""
"","INVALID_OR_NULL_FOR_RESTRICTED_PICKLIST:ステージ: 制限つき選択リスト項目の値が不適切: S2 初期定着:StageName__c --","株式会社アールシーコア","0.0","","","","","","","","0.0","","","S2 初期定着","","","","",""
"","INVALID_OR_NULL_FOR_RESTRICTED_PICKLIST:ステージ: 制限つき選択リスト項目の値が不適切: S3 活用拡張:StageName__c --","株式会社フジタ(A)","900000.0","","","","","","","","75000.0","","","S3 活用拡張","","","","",""
"","INVALID_OR_NULL_FOR_RESTRICTED_PICKLIST:ステージ: 制限つき選択リスト項目の値が不適切: S3 活用拡張:StageName__c --","株式会社石勝エクステリア の取引 (A)","1780000.0","","","","","","","","140000.0","","","S3 活用拡張","","","","",""
"","INVALID_OR_NULL_FOR_RESTRICTED_PICKLIST:ステージ: 制限つき選択リスト項目の値が不適切: 決済手続/稟議中:StageName__c --","iFIND株式会社","1584000.0","","","","","","","","132000.0","","","決済手続/稟議中","2025-04-30","","","",""
"","INVALID_OR_NULL_FOR_RESTRICTED_PICKLIST:失注理由: 制限つき選択リスト項目の値が不適切: 返信なし *なるべく他の理由に:LostReason__c --","iFIND株式会社 (アイリスグループ)","1584000.0","","","","","","2026-04-21","返信なし *なるべく他の理由に","132000.0","","","S5 リスク","2026-04-21","","","",""
"","INVALID_OR_NULL_FOR_RESTRICTED_PICKLIST:ステージ: 制限つき選択リスト項目の値が不適切: 決済手続/稟議中:StageName__c --","東急リゾーツ&ステイ株式会社","1188000.0","","","","","","","","99000.0","","","決済手続/稟議中","2024-11-12","","","",""
"","INVALID_OR_NULL_FOR_RESTRICTED_PICKLIST:ステージ: 制限つき選択リスト項目の値が不適切: S3 活用拡張:StageName__c --","東急リゾーツ&ステイ株式会社 (S)","1188000.0","","","","","","","","99000.0","","","S3 活用拡張","","","","",""
"","INVALID_OR_NULL_FOR_RESTRICTED_PICKLIST:ステージ: 制限つき選択リスト項目の値が不適切: 導入意向の確認中:StageName__c --","大東建託株式会社 流通設計部 (コピー)","180000.0","","","","","2026-04-01","","","15000.0","","","導入意向の確認中","2026-02-13","","","",""
"","INVALID_OR_NULL_FOR_RESTRICTED_PICKLIST:ステージ: 制限つき選択リスト項目の値が不適切: 課題の組織化（個人→組織）:StageName__c --","サンフロンティア不動産株式会社","900000.0","","","","","","","","75000.0","","","課題の組織化（個人→組織）","","","","",""
"","INVALID_OR_NULL_FOR_RESTRICTED_PICKLIST:ステージ: 制限つき選択リスト項目の値が不適切: S3 活用拡張:StageName__c --","大和財託株式会社(A)","1800000.0","","","","","","","","150000.0","","","S3 活用拡張","","","","",""
"","INVALID_OR_NULL_FOR_RESTRICTED_PICKLIST:ステージ: 制限つき選択リスト項目の値が不適切: 決済手続/稟議中:StageName__c --","株式会社ルミネ","105600.0","","","","","2026-04-15","","","8800.0","2026-02-15","","決済手続/稟議中","2026-04-13","","","",""
"","INVALID_OR_NULL_FOR_RESTRICTED_PICKLIST:ステージ: 制限つき選択リスト項目の値が不適切: 決済手続き中/稟議中:StageName__c --","株式会社夢のおてつだい","660000.0","","","","","","","","55000.0","","","決済手続き中/稟議中","2026-02-19","","","",""
"","INVALID_OR_NULL_FOR_RESTRICTED_PICKLIST:ステージ: 制限つき選択リスト項目の値が不適切: 決済手続/稟議中:StageName__c --","株式会社久家設計事務所","105600.0","","","","","","","","8800.0","","","決済手続/稟議中","2026-03-10","","","",""
"","INVALID_OR_NULL_FOR_RESTRICTED_PICKLIST:ステージ: 制限つき選択リスト項目の値が不適切: トライアル中:StageName__c --","株式会社アースウィンド","105600.0","","","","","2026-03-13","","","8800.0","","","トライアル中","","","","",""
"","INVALID_OR_NULL_FOR_RESTRICTED_PICKLIST:失注理由: 制限つき選択リスト項目の値が不適切: ニーズとのミスマッチ:LostReason__c --","福岡地所株式会社","105600.0","","","","","","2026-03-12","ニーズとのミスマッチ","8800.0","2026-02-25","","社内検討中","2026-03-12","","","",""
"","INVALID_OR_NULL_FOR_RESTRICTED_PICKLIST:失注理由: 制限つき選択リスト項目の値が不適切: ニーズとのミスマッチ:LostReason__c --","東邦レオ 株式会社","0.0","","","","","2026-03-01","2026-03-05","ニーズとのミスマッチ","0.0","","","休眠","2026-03-05","","","",""
"","INVALID_OR_NULL_FOR_RESTRICTED_PICKLIST:ステージ: 制限つき選択リスト項目の値が不適切: 決済手続/稟議中:StageName__c --","株式会社サンケイビル","840000.0","","","","","2026-03-11","","","70000.0","","","決済手続/稟議中","2026-03-23","","","",""
"","INVALID_OR_NULL_FOR_RESTRICTED_PICKLIST:ステージ: 制限つき選択リスト項目の値が不適切: S5 リスク:StageName__c --","47内装株式会社(B)","900000.0","","","","","","","","75000.0","2026-05-31","","S5 リスク","","","","",""
"","INVALID_OR_NULL_FOR_RESTRICTED_PICKLIST:失注理由: 制限つき選択リスト項目の値が不適切: 予算不足(初期費用・移行コスト):LostReason__c --","関西不動産販売株式会社","900000.0","","","","","","2026-03-12","予算不足(初期費用・移行コスト)","75000.0","2026-02-26","","社内検討中","2026-03-12","","","",""
"","INVALID_OR_NULL_FOR_RESTRICTED_PICKLIST:ステージ: 制限つき選択リスト項目の値が不適切: 決済手続/稟議中:StageName__c --","株式会社スタイルテック総合計画","900000.0","","","","","2026-04-01","","","75000.0","","","決済手続/稟議中","2026-04-03","","","",""
"","INVALID_OR_NULL_FOR_RESTRICTED_PICKLIST:ステージ: 制限つき選択リスト項目の値が不適切: S2 初期定着:StageName__c --","矢作建設工業株式会社(B)","900000.0","","","","","","","","75000.0","","","S2 初期定着","","","","",""
"","INVALID_OR_NULL_FOR_RESTRICTED_PICKLIST:ステージ: 制限つき選択リスト項目の値が不適切: 社内承認待ち（クロージング前）:StageName__c --","株式会社フロンティアコンサルティング","460000.0","","","","","2026-03-31","","","30000.0","","","社内承認待ち（クロージング前）","","","","",""
"","INVALID_OR_NULL_FOR_RESTRICTED_PICKLIST:ステージ: 制限つき選択リスト項目の値が不適切: お打ち合わせセッティング完了:StageName__c --","株式会社建創社 の取引","0.0","","","","","","","","0.0","","","お打ち合わせセッティング完了","","","","",""
"","INVALID_OR_NULL_FOR_RESTRICTED_PICKLIST:失注理由: 制限つき選択リスト項目の値が不適切: ニーズとのミスマッチ:LostReason__c --","三井不動産株式会社","1800000.0","","","","","2026-04-01","2026-06-01","ニーズとのミスマッチ","150000.0","2026-02-20","","トライアル中","2026-06-01","","","",""
"","INVALID_OR_NULL_FOR_RESTRICTED_PICKLIST:ステージ: 制限つき選択リスト項目の値が不適切: 休眠:StageName__c --","NOD&W","105600.0","","","","","2026-04-30","","","8800.0","","","休眠","","","","",""
"","INVALID_OR_NULL_FOR_RESTRICTED_PICKLIST:ステージ: 制限つき選択リスト項目の値が不適切: 休眠:StageName__c --","明石建築設計事務所 の取引","105600.0","","","","","2026-03-20","","","8800.0","","","休眠","","","","",""
"","INVALID_OR_NULL_FOR_RESTRICTED_PICKLIST:ステージ: 制限つき選択リスト項目の値が不適切: 社内承認待ち（クロージング前）:StageName__c --","三菱地所レジデンス　株式会社","576000.0","","","","","2026-06-01","","","48000.0","","","社内承認待ち（クロージング前）","","","","",""
"","INVALID_OR_NULL_FOR_RESTRICTED_PICKLIST:ステージ: 制限つき選択リスト項目の値が不適切: トライアル中:StageName__c --","（株）トピアホーム","422400.0","","","","","2026-07-01","","","35200.0","","","トライアル中","","","","",""
"","INVALID_OR_NULL_FOR_RESTRICTED_PICKLIST:ステージ: 制限つき選択リスト項目の値が不適切: S2 初期定着:StageName__c --","アイリスオーヤマ株式会社(S)","1080000.0","","","","","","","","90000.0","","","S2 初期定着","","","","",""
"","INVALID_OR_NULL_FOR_RESTRICTED_PICKLIST:ステージ: 制限つき選択リスト項目の値が不適切: 休眠:StageName__c --","8Y8 の取引","316800.0","","","","","2026-04-30","","","26400.0","","","休眠","","","","",""
"","INVALID_OR_NULL_FOR_RESTRICTED_PICKLIST:失注理由: 制限つき選択リスト項目の値が不適切: サポート体制・実績不足:LostReason__c --","前田建設工業 株式会社(S)","900000.0","","","","","","2026-04-01","サポート体制・実績不足","75000.0","","","S5 リスク","2026-04-01","","","",""
"","INVALID_OR_NULL_FOR_RESTRICTED_PICKLIST:失注理由: 制限つき選択リスト項目の値が不適切: 顧客の疑問や不安を解消できていない:LostReason__c --","CREATIVETREE","3500.0","","","","","","2026-03-16","顧客の疑問や不安を解消できていない","0.0","","","決済手続き中/稟議中","2026-03-16","","","",""
"","INVALID_OR_NULL_FOR_RESTRICTED_PICKLIST:ステージ: 制限つき選択リスト項目の値が不適切: トライアル中:StageName__c --","株式会社a-tech","316800.0","","","","","2026-06-01","","","26400.0","","","トライアル中","","","","",""
"","INVALID_OR_NULL_FOR_RESTRICTED_PICKLIST:ステージ: 制限つき選択リスト項目の値が不適切: 社内検討中:StageName__c --","株式会社コロワイド","900000.0","","","","","","","","75000.0","","","社内検討中","","","","",""
"","INVALID_OR_NULL_FOR_RESTRICTED_PICKLIST:ステージ: 制限つき選択リスト項目の値が不適切: トライアル中:StageName__c --","株式会社　渡辺工務店","105600.0","","","","","2026-04-08","","","8800.0","","","トライアル中","","","","",""
"","INVALID_OR_NULL_FOR_RESTRICTED_PICKLIST:ステージ: 制限つき選択リスト項目の値が不適切: 社内検討中:StageName__c --","有限会社　めかる設計","0.0","","","","","","","","0.0","","","社内検討中","","","","",""
"","INVALID_OR_NULL_FOR_RESTRICTED_PICKLIST:ステージ: 制限つき選択リスト項目の値が不適切: 休眠:StageName__c --","マーケットクリエイティブ株式会社","105600.0","","","","","2026-03-20","","","8800.0","","","休眠","","","","",""
"","INVALID_OR_NULL_FOR_RESTRICTED_PICKLIST:ステージ: 制限つき選択リスト項目の値が不適切: 休眠:StageName__c --","株式会社ONE　HOUSE","105600.0","","","","","2026-03-13","","","8800.0","","","休眠","","","","",""
"","INVALID_OR_NULL_FOR_RESTRICTED_PICKLIST:ステージ: 制限つき選択リスト項目の値が不適切: 休眠:StageName__c --","苅田建設工業","0.0","","","","","","","","0.0","","","休眠","","","","",""
"","INVALID_OR_NULL_FOR_RESTRICTED_PICKLIST:ステージ: 制限つき選択リスト項目の値が不適切: 休眠:StageName__c --","株式会社宮工房","0.0","","","","","","","","0.0","","","休眠","","","","",""
"","INVALID_OR_NULL_FOR_RESTRICTED_PICKLIST:ステージ: 制限つき選択リスト項目の値が不適切: 休眠:StageName__c --","株式会社サンアイ岡本","0.0","","","","","","","","0.0","2026-04-03","","休眠","","","","",""
"","INVALID_OR_NULL_FOR_RESTRICTED_PICKLIST:ステージ: 制限つき選択リスト項目の値が不適切: S1 導入直後:StageName__c --","柏井建設株式会社　建築設計部（B)","900000.0","","","","","","","","75000.0","","","S1 導入直後","","","","",""
"","INVALID_OR_NULL_FOR_RESTRICTED_PICKLIST:ステージ: 制限つき選択リスト項目の値が不適切: 社内検討中:StageName__c --","株式会社アイ・キューブ","900000.0","","","","","2026-04-01","","","75000.0","","","社内検討中","","","","",""
"","INVALID_OR_NULL_FOR_RESTRICTED_PICKLIST:ステージ: 制限つき選択リスト項目の値が不適切: 決済手続/稟議中:StageName__c --","花菱不動産株式会社","211200.0","","","","","2026-03-20","","","17600.0","","","決済手続/稟議中","2026-03-13","","","",""
"","INVALID_OR_NULL_FOR_RESTRICTED_PICKLIST:ステージ: 制限つき選択リスト項目の値が不適切: 社内検討中:StageName__c --","株式会社　東日本朝日株式会社","105600.0","","","","","2026-03-20","","","8800.0","","","社内検討中","","","","",""
"","INVALID_OR_NULL_FOR_RESTRICTED_PICKLIST:ステージ: 制限つき選択リスト項目の値が不適切: 決済手続/稟議中:StageName__c --","株式会社コンセプション","105600.0","","","","","2026-03-06","","","8800.0","","","決済手続/稟議中","2026-03-06","","","",""
"","INVALID_OR_NULL_FOR_RESTRICTED_PICKLIST:ステージ: 制限つき選択リスト項目の値が不適切: 決済手続/稟議中:StageName__c --","オフィスナビ株式会社","105600.0","","","","","2026-03-31","","","8800.0","","","決済手続/稟議中","2026-03-11","","","",""
"","INVALID_OR_NULL_FOR_RESTRICTED_PICKLIST:ステージ: 制限つき選択リスト項目の値が不適切: お問い合わせ受領:StageName__c --","デザインスタジオ BOTH SIDES","0.0","","","","","","","","0.0","","","お問い合わせ受領","","","","",""
"","INVALID_OR_NULL_FOR_RESTRICTED_PICKLIST:ステージ: 制限つき選択リスト項目の値が不適切: お問い合わせ受領:StageName__c --","文化財保存活用計画株式会社","0.0","","","","","","","","0.0","","","お問い合わせ受領","","","","",""
"","INVALID_OR_NULL_FOR_RESTRICTED_PICKLIST:ステージ: 制限つき選択リスト項目の値が不適切: 決済手続/稟議中:StageName__c --","株式会社MYAT の取引","105600.0","","","","","2026-03-26","","","8800.0","","","決済手続/稟議中","2026-05-13","","","",""
"","INVALID_OR_NULL_FOR_RESTRICTED_PICKLIST:ステージ: 制限つき選択リスト項目の値が不適切: お打ち合わせセッティング完了:StageName__c --","株式会社WAKA","316800.0","","","","","2026-04-15","","","26400.0","","","お打ち合わせセッティング完了","","","","",""
"","INVALID_OR_NULL_FOR_RESTRICTED_PICKLIST:ステージ: 制限つき選択リスト項目の値が不適切: トライアル中:StageName__c --","株式会社アーバンスペース","0.0","","","","","","","","0.0","2026-04-01","","トライアル中","","","","",""
"","INVALID_OR_NULL_FOR_RESTRICTED_PICKLIST:ステージ: 制限つき選択リスト項目の値が不適切: 打ち合わせセッティング完了:StageName__c --","日本アセットアドバンス株式会社","0.0","","","","","","","","0.0","","","打ち合わせセッティング完了","","","","",""
"","INVALID_OR_NULL_FOR_RESTRICTED_PICKLIST:ステージ: 制限つき選択リスト項目の値が不適切: S5 リスク:StageName__c --","野村不動産株式会社(S)","1800000.0","","","","","","","","150000.0","","","S5 リスク","","","","",""
"","INVALID_OR_NULL_FOR_RESTRICTED_PICKLIST:ステージ: 制限つき選択リスト項目の値が不適切: お問い合わせ受領:StageName__c --","株式会社WIZU","0.0","","","","","","","","0.0","","","お問い合わせ受領","","","","",""
"","INVALID_OR_NULL_FOR_RESTRICTED_PICKLIST:ステージ: 制限つき選択リスト項目の値が不適切: アップセル仮説成立:StageName__c --","森ビル株式会社","1800000.0","","","","","2026-05-01","","","150000.0","","","アップセル仮説成立","","","","",""
"","INVALID_OR_NULL_FOR_RESTRICTED_PICKLIST:ステージ: 制限つき選択リスト項目の値が不適切: 決済手続/稟議中:StageName__c --","近鉄不動産株式会社","3530000.0","","","","","2026-04-01","","","265000.0","2026-03-12","","決済手続/稟議中","2026-04-10","","","",""
"","INVALID_OR_NULL_FOR_RESTRICTED_PICKLIST:ステージ: 制限つき選択リスト項目の値が不適切: 社内承認待ち（クロージング前）:StageName__c --","FUJITA の取引","1680000.0","","","","","2026-03-26","","","140000.0","","","社内承認待ち（クロージング前）","2026-04-15","","","",""
"","INVALID_OR_NULL_FOR_RESTRICTED_PICKLIST:ステージ: 制限つき選択リスト項目の値が不適切: 接触成功:StageName__c --","株式会社日本プロテック","0.0","","","","","","","","0.0","","","接触成功","","","","",""
"","INVALID_OR_NULL_FOR_RESTRICTED_PICKLIST:ステージ: 制限つき選択リスト項目の値が不適切: 未接触（追客）:StageName__c --","AURLA","0.0","","","","","","","","0.0","","","未接触（追客）","","","","",""
"","INVALID_OR_NULL_FOR_RESTRICTED_PICKLIST:ステージ: 制限つき選択リスト項目の値が不適切: 未接触（追客）:StageName__c --","Egg design works","0.0","","","","","","","","0.0","","","未接触（追客）","","","","",""
"","INVALID_OR_NULL_FOR_RESTRICTED_PICKLIST:ステージ: 制限つき選択リスト項目の値が不適切: 興味あり（商談打診）:StageName__c --","アーキエムズグループ株式会社","0.0","","","","","","","","0.0","","","興味あり（商談打診）","","","","",""
"","INVALID_OR_NULL_FOR_RESTRICTED_PICKLIST:ステージ: 制限つき選択リスト項目の値が不適切: 接触成功:StageName__c --","第一建設株式会社","0.0","","","","","","","","0.0","","","接触成功","","","","",""
"","INVALID_OR_NULL_FOR_RESTRICTED_PICKLIST:ステージ: 制限つき選択リスト項目の値が不適切: 未接触（追客）:StageName__c --","軒軒設計一級建築士事務所","0.0","","","","","","","","0.0","","","未接触（追客）","","","","",""
"","INVALID_OR_NULL_FOR_RESTRICTED_PICKLIST:ステージ: 制限つき選択リスト項目の値が不適切: 未接触（追客）:StageName__c --","株式会社シータ","0.0","","","","","","","","0.0","2026-03-27","","未接触（追客）","","","","",""
"","INVALID_OR_NULL_FOR_RESTRICTED_PICKLIST:ステージ: 制限つき選択リスト項目の値が不適切: 社内検討中:StageName__c --","有限会社双建工業","316800.0","","","","","2026-04-30","","","26400.0","2026-04-01","","社内検討中","","","","",""
"","INVALID_OR_NULL_FOR_RESTRICTED_PICKLIST:ステージ: 制限つき選択リスト項目の値が不適切: 打ち合わせセッティング完了:StageName__c --","遠藤友羅","0.0","","","","","","","","0.0","","","打ち合わせセッティング完了","","","","",""
"","INVALID_OR_NULL_FOR_RESTRICTED_PICKLIST:失注理由: 制限つき選択リスト項目の値が不適切: ニーズとのミスマッチ:LostReason__c --","森ビル株式会社設計部","316800.0","","","","","","2026-04-02","ニーズとのミスマッチ","26400.0","","","お打ち合わせセッティング完了","2026-04-02","","","",""
"","INVALID_OR_NULL_FOR_RESTRICTED_PICKLIST:ステージ: 制限つき選択リスト項目の値が不適切: 未接触（追客）:StageName__c --","LOLT","0.0","","","","","","","","0.0","","","未接触（追客）","","","","",""
"","INVALID_OR_NULL_FOR_RESTRICTED_PICKLIST:ステージ: 制限つき選択リスト項目の値が不適切: 未接触（追客）:StageName__c --","武田利佳","0.0","","","","","","","","0.0","","","未接触（追客）","","","","",""
"","INVALID_OR_NULL_FOR_RESTRICTED_PICKLIST:ステージ: 制限つき選択リスト項目の値が不適切: 未接触（追客）:StageName__c --","れん","0.0","","","","","","","","0.0","","","未接触（追客）","","","","",""
"","INVALID_OR_NULL_FOR_RESTRICTED_PICKLIST:ステージ: 制限つき選択リスト項目の値が不適切: 接触成功:StageName__c --","ファブリックスアート","0.0","","","","","","","","0.0","","","接触成功","","","","",""
"","INVALID_OR_NULL_FOR_RESTRICTED_PICKLIST:ステージ: 制限つき選択リスト項目の値が不適切: 未接触（追客）:StageName__c --","花十色","0.0","","","","","","","","0.0","","","未接触（追客）","","","","",""
"","INVALID_OR_NULL_FOR_RESTRICTED_PICKLIST:ステージ: 制限つき選択リスト項目の値が不適切: 社内検討中:StageName__c --","日本アセットアドバンス株式会社","145200.0","","","","","","","","12100.0","","","社内検討中","","","","",""
"","INVALID_OR_NULL_FOR_RESTRICTED_PICKLIST:ステージ: 制限つき選択リスト項目の値が不適切: 未接触（追客）:StageName__c --","ＨＴリフォ株式会社","0.0","","","","","","","","0.0","","","未接触（追客）","","","","",""
"","INVALID_OR_NULL_FOR_RESTRICTED_PICKLIST:ステージ: 制限つき選択リスト項目の値が不適切: 接触成功:StageName__c --","（株）リアルトハーツ","0.0","","","","","","","","0.0","2026-03-16","","接触成功","","","","",""
"","INVALID_OR_NULL_FOR_RESTRICTED_PICKLIST:ステージ: 制限つき選択リスト項目の値が不適切: 未接触（追客）:StageName__c --","ろ","0.0","","","","","","","","0.0","","","未接触（追客）","","","","",""
"","INVALID_OR_NULL_FOR_RESTRICTED_PICKLIST:ステージ: 制限つき選択リスト項目の値が不適切: 未接触（追客）:StageName__c --","株式会社レイズコーポレーション","0.0","","","","","","","","0.0","","","未接触（追客）","","","","",""
"","INVALID_OR_NULL_FOR_RESTRICTED_PICKLIST:ステージ: 制限つき選択リスト項目の値が不適切: 未接触（追客）:StageName__c --","㈱エー・ディー・ウォール","0.0","","","","","","","","0.0","","","未接触（追客）","","","","",""
"","INVALID_OR_NULL_FOR_RESTRICTED_PICKLIST:ステージ: 制限つき選択リスト項目の値が不適切: 未接触（追客）:StageName__c --","相模湖basshouse","0.0","","","","","","","","0.0","","","未接触（追客）","","","","",""
"","INVALID_OR_NULL_FOR_RESTRICTED_PICKLIST:ステージ: 制限つき選択リスト項目の値が不適切: トライアル中:StageName__c --","株式会社リビング住販","0.0","","","","","","","","0.0","","","トライアル中","","","","",""
"","INVALID_OR_NULL_FOR_RESTRICTED_PICKLIST:ステージ: 制限つき選択リスト項目の値が不適切: 社内検討中:StageName__c --","株式会社J.フロントプライムスペース","1800000.0","","","","","2026-08-01","","","150000.0","","","社内検討中","","","","",""
"","INVALID_OR_NULL_FOR_RESTRICTED_PICKLIST:ステージ: 制限つき選択リスト項目の値が不適切: 決済手続/稟議中:StageName__c --","株式会社MUJI HOUSE","422400.0","","","","","2026-05-01","","","35200.0","","","決済手続/稟議中","","","","",""
"","INVALID_OR_NULL_FOR_RESTRICTED_PICKLIST:ステージ: 制限つき選択リスト項目の値が不適切: 未接触（追客）:StageName__c --","東急建設株式会社","0.0","","","","","","","","0.0","","","未接触（追客）","","","","",""
"","INVALID_OR_NULL_FOR_RESTRICTED_PICKLIST:ステージ: 制限つき選択リスト項目の値が不適切: 導入意向の確認中:StageName__c --","タマホーム株式会社","900000.0","","","","","2026-04-30","","","75000.0","","","導入意向の確認中","","","","",""
"","INVALID_OR_NULL_FOR_RESTRICTED_PICKLIST:ステージ: 制限つき選択リスト項目の値が不適切: 社内検討中:StageName__c --","株式会社フケタ設計 の取引","105600.0","","","","","2026-04-15","","","8800.0","","","社内検討中","","","","",""
"","INVALID_OR_NULL_FOR_RESTRICTED_PICKLIST:ステージ: 制限つき選択リスト項目の値が不適切: お打ち合わせセッティング完了:StageName__c --","エムザジャパン株式会社","0.0","","","","","","","","0.0","2026-03-19","","お打ち合わせセッティング完了","","","","",""
"","INVALID_OR_NULL_FOR_RESTRICTED_PICKLIST:ステージ: 制限つき選択リスト項目の値が不適切: 決済手続/稟議中:StageName__c --","株式会社とくら建築設計社","105600.0","","","","","","","","8800.0","","","決済手続/稟議中","2026-03-25","","","",""
"","INVALID_OR_NULL_FOR_RESTRICTED_PICKLIST:ステージ: 制限つき選択リスト項目の値が不適切: Paid（セルフ課金）:StageName__c --","丹羽 洋文","105600.0","","","","","2026-03-23","","","8800.0","","","Paid（セルフ課金）","2026-03-23","","","",""
"","INVALID_OR_NULL_FOR_RESTRICTED_PICKLIST:ステージ: 制限つき選択リスト項目の値が不適切: Paid（セルフ課金）:StageName__c --","株式会社佐野修建築設計事務所","105600.0","","","","","2026-03-20","","","8800.0","","","Paid（セルフ課金）","2026-03-23","","","",""
"","INVALID_OR_NULL_FOR_RESTRICTED_PICKLIST:ステージ: 制限つき選択リスト項目の値が不適切: Engaged（継続利用）:StageName__c --","&labo.","105600.0","","","","","2026-03-11","","","8800.0","","","Engaged（継続利用）","2026-03-23","","","",""
"","INVALID_OR_NULL_FOR_RESTRICTED_PICKLIST:ステージ: 制限つき選択リスト項目の値が不適切: Paid（セルフ課金）:StageName__c --","H.Sakamoto","66000.0","","","","","2026-03-23","","","5500.0","","","Paid（セルフ課金）","2026-03-23","","","",""
"","INVALID_OR_NULL_FOR_RESTRICTED_PICKLIST:ステージ: 制限つき選択リスト項目の値が不適切: Paid（セルフ課金）:StageName__c --","悠 小林","105600.0","","","","","2026-03-03","","","8800.0","","","Paid（セルフ課金）","2026-03-23","","","",""
"","INVALID_OR_NULL_FOR_RESTRICTED_PICKLIST:ステージ: 制限つき選択リスト項目の値が不適切: 導入意向の確認中:StageName__c --","株式会社アークドラフト","211200.0","","","","","","","","17600.0","2026-03-24","","導入意向の確認中","2026-03-24","","","",""
"","INVALID_OR_NULL_FOR_RESTRICTED_PICKLIST:ステージ: 制限つき選択リスト項目の値が不適切: S1 導入直後:StageName__c --","株式会社デザインアーク東京スペースソリューション第１営業所(S)","360000.0","","","","","2026-03-12","","","30000.0","","","S1 導入直後","","","","",""
"","INVALID_OR_NULL_FOR_RESTRICTED_PICKLIST:ステージ: 制限つき選択リスト項目の値が不適切: S4 安定:StageName__c --","株式会社フロンティアコンサルティング（S)","0.0","","","","","","","","0.0","","","S4 安定","","","","",""
"","INVALID_OR_NULL_FOR_RESTRICTED_PICKLIST:ステージ: 制限つき選択リスト項目の値が不適切: 新規リード:StageName__c --","株式会社サン創芸","0.0","","","","","","","","0.0","2026-03-25","","新規リード","","","","",""
"","INVALID_OR_NULL_FOR_RESTRICTED_PICKLIST:ステージ: 制限つき選択リスト項目の値が不適切: 新規リード:StageName__c --","株式会社京屋","0.0","","","","","","","","0.0","2026-03-25","","新規リード","","","","",""
"","INVALID_OR_NULL_FOR_RESTRICTED_PICKLIST:ステージ: 制限つき選択リスト項目の値が不適切: 新規リード:StageName__c --","Soo-create","0.0","","","","","","","","0.0","","","新規リード","","","","",""
"","INVALID_OR_NULL_FOR_RESTRICTED_PICKLIST:ステージ: 制限つき選択リスト項目の値が不適切: お問い合わせ受領:StageName__c --","株式会社バトンデザイン","0.0","","","","","2026-04-30","","","0.0","","","お問い合わせ受領","","","","",""
"","INVALID_OR_NULL_FOR_RESTRICTED_PICKLIST:ステージ: 制限つき選択リスト項目の値が不適切: 課題の組織化（個人→組織）:StageName__c --","三井住友建設株式会社","1800000.0","","","","","2026-06-01","","","150000.0","","","課題の組織化（個人→組織）","","","","",""
"","INVALID_OR_NULL_FOR_RESTRICTED_PICKLIST:失注理由: 制限つき選択リスト項目の値が不適切: サポート体制・実績不足:LostReason__c --","株式会社ジョイフル本田","0.0","","","","","","2026-04-01","サポート体制・実績不足","0.0","","","S5 リスク","2026-04-01","","","",""
"","INVALID_OR_NULL_FOR_RESTRICTED_PICKLIST:ステージ: 制限つき選択リスト項目の値が不適切: 決済手続/稟議中:StageName__c --","愛知株式会社","105600.0","","","","","2026-04-29","","","8800.0","2026-04-13","","決済手続/稟議中","2026-04-24","","","",""
"","INVALID_OR_NULL_FOR_RESTRICTED_PICKLIST:ステージ: 制限つき選択リスト項目の値が不適切: S2 初期定着:StageName__c --","戸田建設株式会社","1260000.0","","","","","","","","105000.0","","","S2 初期定着","","","","",""
"","INVALID_OR_NULL_FOR_RESTRICTED_PICKLIST:失注理由: 制限つき選択リスト項目の値が不適切: キーパーソンにアプローチできていない:LostReason__c --","株式会社ジョイフル本田","900000.0","","","","","","2026-03-30","キーパーソンにアプローチできていない","75000.0","","","S5 リスク","2026-03-30","","","",""
"","INVALID_OR_NULL_FOR_RESTRICTED_PICKLIST:ステージ: 制限つき選択リスト項目の値が不適切: S4 安定:StageName__c --","JOA株式会社","0.0","","","","","","","","0.0","","","S4 安定","","","","",""
"","INVALID_OR_NULL_FOR_RESTRICTED_PICKLIST:ステージ: 制限つき選択リスト項目の値が不適切: S5 リスク:StageName__c --","株式会社前田工務店","900000.0","","","","","","","","75000.0","","","S5 リスク","","","","",""
"","INVALID_OR_NULL_FOR_RESTRICTED_PICKLIST:ステージ: 制限つき選択リスト項目の値が不適切: S2 初期定着:StageName__c --","株式会社ジーク","900000.0","","","","","","","","75000.0","","","S2 初期定着","","","","",""
"","INVALID_OR_NULL_FOR_RESTRICTED_PICKLIST:失注理由: 制限つき選択リスト項目の値が不適切: サポート体制・実績不足:LostReason__c --","東急不動産ホールディングス株式会社/東急不動産株式会社（S)","3420000.0","","","","","","2026-05-29","サポート体制・実績不足","285000.0","","","S5 リスク","2026-05-29","","","",""
"","INVALID_OR_NULL_FOR_RESTRICTED_PICKLIST:ステージ: 制限つき選択リスト項目の値が不適切: 接触成功:StageName__c --","株式会社サンテン・コーポレーション","0.0","","","","","","","","0.0","","","接触成功","","","","",""
"","INVALID_OR_NULL_FOR_RESTRICTED_PICKLIST:ステージ: 制限つき選択リスト項目の値が不適切: 接触成功:StageName__c --","株式会社ABC店舗","0.0","","","","","","","","0.0","","","接触成功","","","","",""
"","INVALID_OR_NULL_FOR_RESTRICTED_PICKLIST:ステージ: 制限つき選択リスト項目の値が不適切: Paid（セルフ課金）:StageName__c --","亜利 渡辺","105600.0","","","","","","","","8800.0","","","Paid（セルフ課金）","2026-03-30","","","",""
"","INVALID_OR_NULL_FOR_RESTRICTED_PICKLIST:ステージ: 制限つき選択リスト項目の値が不適切: トライアル中:StageName__c --","東京建物株式会社","2660000.0","","","","","2026-08-01","","","205000.0","2026-05-15","","トライアル中","","","","",""
"","INVALID_OR_NULL_FOR_RESTRICTED_PICKLIST:ステージ: 制限つき選択リスト項目の値が不適切: 決済手続/稟議中:StageName__c --","株式会社ecoaハウス","900000.0","","","","","2026-04-01","","","75000.0","","","決済手続/稟議中","2026-04-09","","","",""
"","INVALID_OR_NULL_FOR_RESTRICTED_PICKLIST:ステージ: 制限つき選択リスト項目の値が不適切: トライアル中:StageName__c --","株式会社フォーデック の取引","422400.0","","","","","2026-04-30","","","35200.0","2026-04-13","","トライアル中","","","","",""
"","INVALID_OR_NULL_FOR_RESTRICTED_PICKLIST:ステージ: 制限つき選択リスト項目の値が不適切: 休眠:StageName__c --","株式会社KOGA設計 の取引","316800.0","","","","","","","","26400.0","2026-04-10","","休眠","","","","",""
"","INVALID_OR_NULL_FOR_RESTRICTED_PICKLIST:ステージ: 制限つき選択リスト項目の値が不適切: 未接触（追客）:StageName__c --","株式会社建築工房時温","0.0","","","","","","","","0.0","","","未接触（追客）","","","","",""
"","INVALID_OR_NULL_FOR_RESTRICTED_PICKLIST:ステージ: 制限つき選択リスト項目の値が不適切: トライアル中:StageName__c --","アルデ　アーキテクト＆アソシエイツ","105600.0","","","","","2026-04-22","","","8800.0","","","トライアル中","","","","",""
"","INVALID_OR_NULL_FOR_RESTRICTED_PICKLIST:ステージ: 制限つき選択リスト項目の値が不適切: トライアル中:StageName__c --","アルスホーム株式会社","2700000.0","","","","","","","","225000.0","","","トライアル中","","","","",""
"","INVALID_OR_NULL_FOR_RESTRICTED_PICKLIST:ステージ: 制限つき選択リスト項目の値が不適切: トライアル中:StageName__c --","小河建築設計事務所","211200.0","","","","","2026-04-22","","","17600.0","","","トライアル中","","","","",""
"","INVALID_OR_NULL_FOR_RESTRICTED_PICKLIST:ステージ: 制限つき選択リスト項目の値が不適切: トライアル中:StageName__c --","株式会社蔵王建設","105600.0","","","","","","","","8800.0","","","トライアル中","","","","",""
"","INVALID_OR_NULL_FOR_RESTRICTED_PICKLIST:ステージ: 制限つき選択リスト項目の値が不適切: 未接触（追客）:StageName__c --","福島県インテリアコーディネーター協会","0.0","","","","","","","","0.0","","","未接触（追客）","","","","",""
"","INVALID_OR_NULL_FOR_RESTRICTED_PICKLIST:ステージ: 制限つき選択リスト項目の値が不適切: 興味あり（商談打診）:StageName__c --","株式会社プラスチックアーキテクツ","0.0","","","","","","","","0.0","","","興味あり（商談打診）","","","","",""
"","INVALID_OR_NULL_FOR_RESTRICTED_PICKLIST:ステージ: 制限つき選択リスト項目の値が不適切: 導入意向の確認中:StageName__c --","建築事務所TESSEN","105600.0","","","","","2026-04-08","","","8800.0","","","導入意向の確認中","2026-04-10","","","",""
"","INVALID_OR_NULL_FOR_RESTRICTED_PICKLIST:ステージ: 制限つき選択リスト項目の値が不適切: お打ち合わせセッティング完了:StageName__c --","大成建設ハウジング株式会社","0.0","","","","","","","","0.0","","","お打ち合わせセッティング完了","","","","",""
"","INVALID_OR_NULL_FOR_RESTRICTED_PICKLIST:ステージ: 制限つき選択リスト項目の値が不適切: 社内検討中:StageName__c --","立花産業株式会社","316800.0","","","","","2026-05-01","","","26400.0","2026-04-13","","社内検討中","","","","",""
"","INVALID_OR_NULL_FOR_RESTRICTED_PICKLIST:ステージ: 制限つき選択リスト項目の値が不適切: 社内検討中:StageName__c --","大日本土木株式会社","0.0","","","","","2026-05-31","","","0.0","2026-05-12","","社内検討中","","","","",""
"","INVALID_OR_NULL_FOR_RESTRICTED_PICKLIST:ステージ: 制限つき選択リスト項目の値が不適切: S2 初期定着:StageName__c --","株式会社スタイルテック総合計画","900000.0","","","","","","","","75000.0","","","S2 初期定着","","","","",""
"","INVALID_OR_NULL_FOR_RESTRICTED_PICKLIST:ステージ: 制限つき選択リスト項目の値が不適切: 未接触（追客）:StageName__c --","株式会社CPO設計","0.0","","","","","","","","0.0","2026-04-03","","未接触（追客）","","","","",""
"","INVALID_OR_NULL_FOR_RESTRICTED_PICKLIST:ステージ: 制限つき選択リスト項目の値が不適切: 接触成功:StageName__c --","花岡徳秋建築設計事務所","0.0","","","","","","","","0.0","2026-04-03","","接触成功","","","","",""
"","INVALID_OR_NULL_FOR_RESTRICTED_PICKLIST:ステージ: 制限つき選択リスト項目の値が不適切: 興味あり（商談打診）:StageName__c --","株式会社スリースター","0.0","","","","","","","","0.0","","","興味あり（商談打診）","","","","",""
"","INVALID_OR_NULL_FOR_RESTRICTED_PICKLIST:ステージ: 制限つき選択リスト項目の値が不適切: 休眠:StageName__c --","株式会社カプテリ","105600.0","","","","","","","","8800.0","2026-04-13","","休眠","","","","",""
"","INVALID_OR_NULL_FOR_RESTRICTED_PICKLIST:ステージ: 制限つき選択リスト項目の値が不適切: お打ち合わせセッティング完了:StageName__c --","株式会社ワカタケ","0.0","","","","","","","","0.0","","","お打ち合わせセッティング完了","","","","",""
"","INVALID_OR_NULL_FOR_RESTRICTED_PICKLIST:ステージ: 制限つき選択リスト項目の値が不適切: 決済手続/稟議中:StageName__c --","株式会社ワンズ・レーニア","316800.0","","","","","","","","26400.0","","","決済手続/稟議中","2026-04-22","","","",""
"","INVALID_OR_NULL_FOR_RESTRICTED_PICKLIST:ステージ: 制限つき選択リスト項目の値が不適切: 休眠:StageName__c --","ABC店舗 の取引","0.0","","","","","","","","0.0","","","休眠","","","","",""
"","INVALID_OR_NULL_FOR_RESTRICTED_PICKLIST:ステージ: 制限つき選択リスト項目の値が不適切: 決済手続/稟議中:StageName__c --","株式会社ココディレクション の取引","105600.0","","","","","2026-04-28","","","8800.0","","","決済手続/稟議中","2026-05-11","","","",""
"","INVALID_OR_NULL_FOR_RESTRICTED_PICKLIST:ステージ: 制限つき選択リスト項目の値が不適切: お打ち合わせセッティング完了:StageName__c --","伊藤喜商事株式会社","0.0","","","","","","","","0.0","","","お打ち合わせセッティング完了","","","","",""
"","INVALID_OR_NULL_FOR_RESTRICTED_PICKLIST:ステージ: 制限つき選択リスト項目の値が不適切: 休眠:StageName__c --","株式会社ABC店舗","0.0","","","","","","","","0.0","","","休眠","","","","",""
"","INVALID_OR_NULL_FOR_RESTRICTED_PICKLIST:ステージ: 制限つき選択リスト項目の値が不適切: 決済手続/稟議中:StageName__c --","西畑設計","105600.0","","","","","2026-04-08","","","8800.0","","","決済手続/稟議中","2026-04-08","","","",""
"","INVALID_OR_NULL_FOR_RESTRICTED_PICKLIST:ステージ: 制限つき選択リスト項目の値が不適切: 社内検討中:StageName__c --","富田商事株式会社","900000.0","","","","","","","","75000.0","","","社内検討中","","","","",""
"","INVALID_OR_NULL_FOR_RESTRICTED_PICKLIST:ステージ: 制限つき選択リスト項目の値が不適切: 社内検討中:StageName__c --","株式会社DAN都市デザイン","1440000.0","","","","","2026-07-01","","","120000.0","","","社内検討中","","","","",""
"","INVALID_OR_NULL_FOR_RESTRICTED_PICKLIST:ステージ: 制限つき選択リスト項目の値が不適切: Paid（セルフ課金）:StageName__c --","佑亮 西浦","105600.0","","","","","","","","8800.0","","","Paid（セルフ課金）","2026-04-08","","","",""
"","INVALID_OR_NULL_FOR_RESTRICTED_PICKLIST:ステージ: 制限つき選択リスト項目の値が不適切: Lead（流入）:StageName__c --","Leon TSE","66000.0","","","","","","","","5500.0","","","Lead（流入）","2026-04-08","","","",""
"","INVALID_OR_NULL_FOR_RESTRICTED_PICKLIST:ステージ: 制限つき選択リスト項目の値が不適切: 決済手続/稟議中:StageName__c --","株式会社ドムコス","105600.0","","","","","2026-04-29","","","8800.0","","","決済手続/稟議中","2026-04-09","","","",""
"","INVALID_OR_NULL_FOR_RESTRICTED_PICKLIST:ステージ: 制限つき選択リスト項目の値が不適切: お打ち合わせセッティング完了:StageName__c --","株式会社龍美一級建築士事務所","0.0","","","","","","","","0.0","","","お打ち合わせセッティング完了","","","","",""
"","INVALID_OR_NULL_FOR_RESTRICTED_PICKLIST:ステージ: 制限つき選択リスト項目の値が不適切: 決済手続/稟議中:StageName__c --","株式会社フィールド・デザイン・アーキテクツ一級建築士事務所","105600.0","","","","","2026-04-10","","","8800.0","","","決済手続/稟議中","2026-04-10","","","",""
"","INVALID_OR_NULL_FOR_RESTRICTED_PICKLIST:ステージ: 制限つき選択リスト項目の値が不適切: お打ち合わせセッティング完了:StageName__c --","若築建設株式会社","0.0","","","","","","","","0.0","","","お打ち合わせセッティング完了","2026-06-04","","","",""
"","INVALID_OR_NULL_FOR_RESTRICTED_PICKLIST:ステージ: 制限つき選択リスト項目の値が不適切: 休眠:StageName__c --","杉本興業株式会社","0.0","","","","","","","","0.0","","","休眠","","","","",""
"","INVALID_OR_NULL_FOR_RESTRICTED_PICKLIST:ステージ: 制限つき選択リスト項目の値が不適切: お打ち合わせセッティング完了:StageName__c --","株式会社イーマックエンジニアリング","0.0","","","","","","","","0.0","","","お打ち合わせセッティング完了","","","","",""
"","INVALID_OR_NULL_FOR_RESTRICTED_PICKLIST:ステージ: 制限つき選択リスト項目の値が不適切: 社内検討中:StageName__c --","リストデベロップメント株式会社","0.0","","","","","2026-05-31","","","0.0","2026-04-15","","社内検討中","","","","",""
"","INVALID_OR_NULL_FOR_RESTRICTED_PICKLIST:ステージ: 制限つき選択リスト項目の値が不適切: 決済手続き中/稟議中:StageName__c --","JBリアルエステート株式会社","145200.0","","","","","","","","12100.0","","","決済手続き中/稟議中","2026-04-10","","","",""
"","INVALID_OR_NULL_FOR_RESTRICTED_PICKLIST:ステージ: 制限つき選択リスト項目の値が不適切: 決済手続/稟議中:StageName__c --","安井建築設計事務所","105600.0","","","","","2026-04-15","","","8800.0","","","決済手続/稟議中","2026-04-22","","","",""
"","INVALID_OR_NULL_FOR_RESTRICTED_PICKLIST:ステージ: 制限つき選択リスト項目の値が不適切: 社内検討中:StageName__c --","株式会社良品計画","2140000.0","","","","","2026-09-01","","","170000.0","","","社内検討中","","","","",""
"","INVALID_OR_NULL_FOR_RESTRICTED_PICKLIST:ステージ: 制限つき選択リスト項目の値が不適切: お打ち合わせセッティング完了:StageName__c --","株式会社マルモリカンパニー","0.0","","","","","","","","0.0","","","お打ち合わせセッティング完了","","","","",""
"","INVALID_OR_NULL_FOR_RESTRICTED_PICKLIST:ステージ: 制限つき選択リスト項目の値が不適切: お打ち合わせセッティング完了:StageName__c --","匠堂 合同会社","0.0","","","","","","","","0.0","","","お打ち合わせセッティング完了","","","","",""
"","INVALID_OR_NULL_FOR_RESTRICTED_PICKLIST:ステージ: 制限つき選択リスト項目の値が不適切: 決済手続/稟議中:StageName__c --","株式会社CABON","105600.0","","","","","2026-04-15","","","8800.0","","","決済手続/稟議中","2026-04-15","","","",""
"","INVALID_OR_NULL_FOR_RESTRICTED_PICKLIST:失注理由: 制限つき選択リスト項目の値が不適切: 予算不足(初期費用・移行コスト):LostReason__c --","株式会社 ヨネダ","900000.0","","","","","2026-05-13","2026-06-01","予算不足(初期費用・移行コスト)","75000.0","","","トライアル中","2026-06-01","","","",""
"","INVALID_OR_NULL_FOR_RESTRICTED_PICKLIST:ステージ: 制限つき選択リスト項目の値が不適切: お打ち合わせセッティング完了:StageName__c --","四反田建築設計事務所","0.0","","","","","","","","0.0","","","お打ち合わせセッティング完了","","","","",""
"","INVALID_OR_NULL_FOR_RESTRICTED_PICKLIST:ステージ: 制限つき選択リスト項目の値が不適切: お打ち合わせセッティング完了:StageName__c --","平倉建設株式会社","0.0","","","","","","","","0.0","","","お打ち合わせセッティング完了","","","","",""
"","INVALID_OR_NULL_FOR_RESTRICTED_PICKLIST:ステージ: 制限つき選択リスト項目の値が不適切: S1 導入直後:StageName__c --","株式会社フジタ 建築本部 BIM推進統括部","0.0","","","","","","","","0.0","2026-04-28","","S1 導入直後","","","","",""
"","INVALID_OR_NULL_FOR_RESTRICTED_PICKLIST:ステージ: 制限つき選択リスト項目の値が不適切: 決済手続/稟議中:StageName__c --","西日本旅客鉄道株式会社","105600.0","","","","","2026-04-30","","","8800.0","","","決済手続/稟議中","2026-05-11","","","",""
"","INVALID_OR_NULL_FOR_RESTRICTED_PICKLIST:ステージ: 制限つき選択リスト項目の値が不適切: S1 導入直後:StageName__c --","株式会社ecoaハウス","0.0","","","","","","","","0.0","","","S1 導入直後","","","","",""
"","INVALID_OR_NULL_FOR_RESTRICTED_PICKLIST:ステージ: 制限つき選択リスト項目の値が不適切: お打ち合わせセッティング完了:StageName__c --","株式会社クラウドトップ","105600.0","","","","","","","","8800.0","","","お打ち合わせセッティング完了","","","","",""
"","INVALID_OR_NULL_FOR_RESTRICTED_PICKLIST:ステージ: 制限つき選択リスト項目の値が不適切: お打ち合わせセッティング完了:StageName__c --","株式会社グリーンズ","0.0","","","","","","","","0.0","","","お打ち合わせセッティング完了","","","","",""
"","INVALID_OR_NULL_FOR_RESTRICTED_PICKLIST:ステージ: 制限つき選択リスト項目の値が不適切: S2 初期定着:StageName__c --","近鉄不動産株式会社","0.0","","","","","","","","0.0","","","S2 初期定着","","","","",""
"","INVALID_OR_NULL_FOR_RESTRICTED_PICKLIST:ステージ: 制限つき選択リスト項目の値が不適切: S2 初期定着:StageName__c --","株式会社コスモスイニシア","0.0","","","","","","","","0.0","","","S2 初期定着","","","","",""
"","INVALID_OR_NULL_FOR_RESTRICTED_PICKLIST:ステージ: 制限つき選択リスト項目の値が不適切: お打ち合わせセッティング完了:StageName__c --","センコー産業株式会社","0.0","","","","","","","","0.0","","","お打ち合わせセッティング完了","","","","",""
"","INVALID_OR_NULL_FOR_RESTRICTED_PICKLIST:失注理由: 制限つき選択リスト項目の値が不適切: 課題の設定・合意形成ができていない:LostReason__c --","株式会社ノットコーポレーション","900000.0","","","","","2026-06-01","2026-05-26","課題の設定・合意形成ができていない","75000.0","","","トライアル中","2026-05-26","","","",""
"","INVALID_OR_NULL_FOR_RESTRICTED_PICKLIST:ステージ: 制限つき選択リスト項目の値が不適切: 決済手続/稟議中:StageName__c --","株式会社クラウドトップ","105600.0","","","","","2026-04-29","","","8800.0","","","決済手続/稟議中","","","","",""
"","INVALID_OR_NULL_FOR_RESTRICTED_PICKLIST:ステージ: 制限つき選択リスト項目の値が不適切: 決済手続/稟議中:StageName__c --","株式会社 秋山立花","105600.0","","","","","2026-04-24","","","8800.0","","","決済手続/稟議中","2026-04-24","","","",""
"","INVALID_OR_NULL_FOR_RESTRICTED_PICKLIST:ステージ: 制限つき選択リスト項目の値が不適切: アップセル仮説成立:StageName__c --","株式会社 秋山立花","900000.0","","","","","2026-06-30","","","75000.0","","","アップセル仮説成立","","","","",""
"","INVALID_OR_NULL_FOR_RESTRICTED_PICKLIST:ステージ: 制限つき選択リスト項目の値が不適切: Paid（セルフ課金）:StageName__c --","TAKUYA RIKIMARU","105600.0","","","","","","","","8800.0","","","Paid（セルフ課金）","2026-04-27","","","",""
"","INVALID_OR_NULL_FOR_RESTRICTED_PICKLIST:ステージ: 制限つき選択リスト項目の値が不適切: お打ち合わせセッティング完了:StageName__c --","ノーマンズランドアソシエイツ1級建築士事務所","105600.0","","","","","","","","8800.0","","","お打ち合わせセッティング完了","","","","",""
"","INVALID_OR_NULL_FOR_RESTRICTED_PICKLIST:ステージ: 制限つき選択リスト項目の値が不適切: お打ち合わせセッティング完了:StageName__c --","オゾン設計室","105600.0","","","","","","","","8800.0","","","お打ち合わせセッティング完了","","","","",""
"","INVALID_OR_NULL_FOR_RESTRICTED_PICKLIST:ステージ: 制限つき選択リスト項目の値が不適切: トライアル中:StageName__c --","株式会社テイクアンドギヴ・ニーズ","528000.0","","","","","2026-06-26","","","44000.0","","","トライアル中","","","","",""
"","INVALID_OR_NULL_FOR_RESTRICTED_PICKLIST:ステージ: 制限つき選択リスト項目の値が不適切: お打ち合わせセッティング完了:StageName__c --","K2デザインオフィス","105600.0","","","","","","","","8800.0","2026-05-14","","お打ち合わせセッティング完了","","","","",""
"","INVALID_OR_NULL_FOR_RESTRICTED_PICKLIST:ステージ: 制限つき選択リスト項目の値が不適切: お打ち合わせセッティング完了:StageName__c --","株式会社ウィローズクラフト","316800.0","","","","","","","","26400.0","","","お打ち合わせセッティング完了","","","","",""
"","INVALID_OR_NULL_FOR_RESTRICTED_PICKLIST:ステージ: 制限つき選択リスト項目の値が不適切: お打ち合わせセッティング完了:StageName__c --","株式会社三木組","211200.0","","","","","","","","17600.0","","","お打ち合わせセッティング完了","","","","",""
"","INVALID_OR_NULL_FOR_RESTRICTED_PICKLIST:ステージ: 制限つき選択リスト項目の値が不適切: お打ち合わせセッティング完了:StageName__c --","エステック不動産投資顧問株式会社","316800.0","","","","","","","","26400.0","","","お打ち合わせセッティング完了","","","","",""
"","INVALID_OR_NULL_FOR_RESTRICTED_PICKLIST:ステージ: 制限つき選択リスト項目の値が不適切: 社内承認待ち（クロージング前）:StageName__c --","株式会社フロンティアコンサルティング","264000.0","","","","","2026-05-01","","","22000.0","","","社内承認待ち（クロージング前）","2026-05-01","","","",""
"","INVALID_OR_NULL_FOR_RESTRICTED_PICKLIST:ステージ: 制限つき選択リスト項目の値が不適切: 社内検討中:StageName__c --","株式会社RYアーキテクツ","316800.0","","","","","2026-05-28","","","26400.0","","","社内検討中","","","","",""
"","INVALID_OR_NULL_FOR_RESTRICTED_PICKLIST:ステージ: 制限つき選択リスト項目の値が不適切: お打ち合わせセッティング完了:StageName__c --","株式会社モーラデザイン","0.0","","","","","","","","0.0","","","お打ち合わせセッティング完了","","","","",""
"","INVALID_OR_NULL_FOR_RESTRICTED_PICKLIST:ステージ: 制限つき選択リスト項目の値が不適切: お打ち合わせセッティング完了:StageName__c --","株式会社ユニフィット","0.0","","","","","","","","0.0","","","お打ち合わせセッティング完了","","","","",""
"","INVALID_OR_NULL_FOR_RESTRICTED_PICKLIST:ステージ: 制限つき選択リスト項目の値が不適切: 決済手続/稟議中:StageName__c --","カモン・アンド・アソシエイツ","105600.0","","","","","2026-05-31","","","8800.0","","","決済手続/稟議中","2026-05-11","","","",""
"","INVALID_OR_NULL_FOR_RESTRICTED_PICKLIST:ステージ: 制限つき選択リスト項目の値が不適切: お打ち合わせセッティング完了:StageName__c --","有限会社芝田工務店","0.0","","","","","","","","0.0","","","お打ち合わせセッティング完了","","","","",""
"","INVALID_OR_NULL_FOR_RESTRICTED_PICKLIST:ステージ: 制限つき選択リスト項目の値が不適切: お打ち合わせセッティング完了:StageName__c --","株式会社ｎｅｓｔ建築設計室","105600.0","","","","","2026-06-04","","","8800.0","","","お打ち合わせセッティング完了","","","","",""
"","INVALID_OR_NULL_FOR_RESTRICTED_PICKLIST:ステージ: 制限つき選択リスト項目の値が不適切: トライアル中:StageName__c --","株式会社野村工務店","2059200.0","","","","","2026-06-17","","","171600.0","2026-05-12","","トライアル中","","","","",""
"","INVALID_OR_NULL_FOR_RESTRICTED_PICKLIST:ステージ: 制限つき選択リスト項目の値が不適切: 社内承認待ち（クロージング前）:StageName__c --","株式会社デザインアーク","360000.0","","","","","2026-05-12","","","30000.0","","","社内承認待ち（クロージング前）","2026-05-26","","","",""
"","INVALID_OR_NULL_FOR_RESTRICTED_PICKLIST:ステージ: 制限つき選択リスト項目の値が不適切: 意思決定構造の可視化:StageName__c --","ジーク株式会社（福岡）","900000.0","","","","","2026-06-12","","","75000.0","","","意思決定構造の可視化","","","","",""
"","INVALID_OR_NULL_FOR_RESTRICTED_PICKLIST:ステージ: 制限つき選択リスト項目の値が不適切: Paid（セルフ課金）:StageName__c --","OPERA","105600.0","","","","","","","","8800.0","","","Paid（セルフ課金）","2026-05-12","","","",""
"","INVALID_OR_NULL_FOR_RESTRICTED_PICKLIST:ステージ: 制限つき選択リスト項目の値が不適切: Paid（セルフ課金）:StageName__c --","JUNICHI HIGUCHI","105600.0","","","","","","","","8800.0","","","Paid（セルフ課金）","2026-05-12","","","",""
"","INVALID_OR_NULL_FOR_RESTRICTED_PICKLIST:ステージ: 制限つき選択リスト項目の値が不適切: トライアル中:StageName__c --","NTTファシリティーズエンジニアリング株式会社","1800000.0","","","","","2026-07-01","","","150000.0","","","トライアル中","","","","",""
"","INVALID_OR_NULL_FOR_RESTRICTED_PICKLIST:ステージ: 制限つき選択リスト項目の値が不適切: 社内承認待ち（クロージング前）:StageName__c --","豊通ファシリティーズ株式会社","105600.0","","","","","","","","8800.0","","","社内承認待ち（クロージング前）","2026-05-18","","","",""
"","INVALID_OR_NULL_FOR_RESTRICTED_PICKLIST:ステージ: 制限つき選択リスト項目の値が不適切: 決済手続/稟議中:StageName__c --","グローアップ","105600.0","","","","","2026-05-27","","","8800.0","","","決済手続/稟議中","","","","",""
"","INVALID_OR_NULL_FOR_RESTRICTED_PICKLIST:ステージ: 制限つき選択リスト項目の値が不適切: 導入意向の確認中:StageName__c --","大建興産株式会社","105600.0","","","","","2026-05-29","","","8800.0","","","導入意向の確認中","","","","",""
"","INVALID_OR_NULL_FOR_RESTRICTED_PICKLIST:ステージ: 制限つき選択リスト項目の値が不適切: 社内検討中:StageName__c --","有限会社芝田工務店","0.0","","","","","2026-05-29","","","0.0","","","社内検討中","","","","",""
"","INVALID_OR_NULL_FOR_RESTRICTED_PICKLIST:ステージ: 制限つき選択リスト項目の値が不適切: 社内検討中:StageName__c --","エステック不動産投資顧問株式会社","0.0","","","","","2026-06-30","","","0.0","","","社内検討中","","","","",""
"","INVALID_OR_NULL_FOR_RESTRICTED_PICKLIST:ステージ: 制限つき選択リスト項目の値が不適切: S2 初期定着:StageName__c --","株式会社サンケイビル","0.0","","","","","","","","0.0","","","S2 初期定着","","","","",""
"","INVALID_OR_NULL_FOR_RESTRICTED_PICKLIST:ステージ: 制限つき選択リスト項目の値が不適切: お打ち合わせセッティング完了:StageName__c --","株式会社フューチャースケッチ","0.0","","","","","","","","0.0","","","お打ち合わせセッティング完了","","","","",""
"","INVALID_OR_NULL_FOR_RESTRICTED_PICKLIST:ステージ: 制限つき選択リスト項目の値が不適切: お打ち合わせセッティング完了:StageName__c --","ミサワホーム株式会社","0.0","","","","","","","","0.0","","","お打ち合わせセッティング完了","","","","",""
"","INVALID_OR_NULL_FOR_RESTRICTED_PICKLIST:ステージ: 制限つき選択リスト項目の値が不適切: お打ち合わせセッティング完了:StageName__c --","株式会社AYNZ","0.0","","","","","","","","0.0","","","お打ち合わせセッティング完了","","","","",""
"","INVALID_OR_NULL_FOR_RESTRICTED_PICKLIST:ステージ: 制限つき選択リスト項目の値が不適切: 導入意向の確認中:StageName__c --","MtoMカンパニー","105600.0","","","","","2026-05-31","","","8800.0","2026-05-21","","導入意向の確認中","","","","",""
"","INVALID_OR_NULL_FOR_RESTRICTED_PICKLIST:ステージ: 制限つき選択リスト項目の値が不適切: 社内検討中:StageName__c --","株式会社東畑建築事務所","0.0","","","","","","","","0.0","","","社内検討中","","","","",""
"","INVALID_OR_NULL_FOR_RESTRICTED_PICKLIST:ステージ: 制限つき選択リスト項目の値が不適切: トライアル中:StageName__c --","株式会社よねざわ工業","105600.0","","","","","","","","8800.0","","","トライアル中","","","","",""
"","INVALID_OR_NULL_FOR_RESTRICTED_PICKLIST:ステージ: 制限つき選択リスト項目の値が不適切: 社内検討中:StageName__c --","株式会社ニッセイ","0.0","","","","","","","","0.0","","","社内検討中","","","","",""
"","INVALID_OR_NULL_FOR_RESTRICTED_PICKLIST:ステージ: 制限つき選択リスト項目の値が不適切: 導入意向の確認中:StageName__c --","ｉ設計エンジニアリング","105600.0","","","","","","","","8800.0","","","導入意向の確認中","","","","",""
"","INVALID_OR_NULL_FOR_RESTRICTED_PICKLIST:ステージ: 制限つき選択リスト項目の値が不適切: Paid（セルフ課金）:StageName__c --","株式会社ヒトバデザイン","105600.0","","","","","","","","8800.0","","","Paid（セルフ課金）","2026-05-25","","","",""
"","INVALID_OR_NULL_FOR_RESTRICTED_PICKLIST:ステージ: 制限つき選択リスト項目の値が不適切: Paid（セルフ課金）:StageName__c --","KEISUKE NARISAWA","105600.0","","","","","","","","8800.0","","","Paid（セルフ課金）","2026-05-25","","","",""
"","INVALID_OR_NULL_FOR_RESTRICTED_PICKLIST:ステージ: 制限つき選択リスト項目の値が不適切: Paid（セルフ課金）:StageName__c --","RYO KAWAGUCHI","211200.0","","","","","","","","17600.0","","","Paid（セルフ課金）","2026-05-25","","","",""
"","INVALID_OR_NULL_FOR_RESTRICTED_PICKLIST:ステージ: 制限つき選択リスト項目の値が不適切: トライアル中:StageName__c --","株式会社YUASA","1800000.0","","","","","","","","150000.0","","","トライアル中","","","","",""
"","INVALID_OR_NULL_FOR_RESTRICTED_PICKLIST:ステージ: 制限つき選択リスト項目の値が不適切: トライアル中:StageName__c --","株式会社NOW","316800.0","","","","","2026-06-01","","","26400.0","","","トライアル中","","","","",""
"","INVALID_OR_NULL_FOR_RESTRICTED_PICKLIST:ステージ: 制限つき選択リスト項目の値が不適切: 決済手続/稟議中:StageName__c --","株式会社エッグハウジング","105600.0","","","","","2026-05-25","","","8800.0","","","決済手続/稟議中","","","","",""
"","INVALID_OR_NULL_FOR_RESTRICTED_PICKLIST:ステージ: 制限つき選択リスト項目の値が不適切: Paid（セルフ課金）:StageName__c --","株式会社GEN INOUE","105600.0","","","","","","","","8800.0","","","Paid（セルフ課金）","2026-05-26","","","",""
"","INVALID_OR_NULL_FOR_RESTRICTED_PICKLIST:ステージ: 制限つき選択リスト項目の値が不適切: 社内検討中:StageName__c --","株式会社デュアルタップ","0.0","","","","","","","","0.0","2026-05-27","","社内検討中","","","","",""
"","INVALID_OR_NULL_FOR_RESTRICTED_PICKLIST:ステージ: 制限つき選択リスト項目の値が不適切: 社内検討中:StageName__c --","竹下和宏建築設計事務所","0.0","","","","","","","","0.0","","","社内検討中","","","","",""
"","INVALID_OR_NULL_FOR_RESTRICTED_PICKLIST:ステージ: 制限つき選択リスト項目の値が不適切: 導入意向の確認中:StageName__c --","fragment.archoffice","105600.0","","","","","","","","8800.0","","","導入意向の確認中","","","","",""
"","INVALID_OR_NULL_FOR_RESTRICTED_PICKLIST:ステージ: 制限つき選択リスト項目の値が不適切: 社内検討中:StageName__c --","株式会社IGK","0.0","","","","","","","","0.0","","","社内検討中","","","","",""
"","INVALID_OR_NULL_FOR_RESTRICTED_PICKLIST:ステージ: 制限つき選択リスト項目の値が不適切: 社内承認待ち（クロージング前）:StageName__c --","三越伊勢丹プロパティデザイン株式会社","105600.0","","","","","","","","8800.0","","","社内承認待ち（クロージング前）","2026-05-29","","","",""
"","INVALID_OR_NULL_FOR_RESTRICTED_PICKLIST:ステージ: 制限つき選択リスト項目の値が不適切: S1 導入直後:StageName__c --","NTTファシリティーズ","0.0","","","","","","","","0.0","","","S1 導入直後","","","","",""
"","INVALID_OR_NULL_FOR_RESTRICTED_PICKLIST:ステージ: 制限つき選択リスト項目の値が不適切: 社内承認待ち（クロージング前）:StageName__c --","株式会社コスモスイニシア","180000.0","","","","","2026-06-02","","","15000.0","","","社内承認待ち（クロージング前）","","","","",""
"","INVALID_OR_NULL_FOR_RESTRICTED_PICKLIST:ステージ: 制限つき選択リスト項目の値が不適切: 決済手続/稟議中:StageName__c --","アーキデザイン株式会社","76800.0","","","","","","","","6400.0","","","決済手続/稟議中","","","","",""
"","INVALID_OR_NULL_FOR_RESTRICTED_PICKLIST:ステージ: 制限つき選択リスト項目の値が不適切: トライアル中:StageName__c --","清水建設株式会社福岡支店工事部","844800.0","","","","","2026-06-25","","","70400.0","","","トライアル中","","","","",""
"","INVALID_OR_NULL_FOR_RESTRICTED_PICKLIST:ステージ: 制限つき選択リスト項目の値が不適切: トライアル中:StageName__c --","コクヨマーケティング株式会社","1800000.0","","","","","2026-07-22","","","150000.0","2026-06-01","","トライアル中","","","","",""
"","INVALID_OR_NULL_FOR_RESTRICTED_PICKLIST:ステージ: 制限つき選択リスト項目の値が不適切: 社内承認待ち（クロージング前）:StageName__c --","近鉄不動産株式会社","360000.0","","","","","","","","30000.0","","","社内承認待ち（クロージング前）","2026-06-01","","","",""
"","INVALID_OR_NULL_FOR_RESTRICTED_PICKLIST:ステージ: 制限つき選択リスト項目の値が不適切: 決済手続/稟議中:StageName__c --","小島屋","105600.0","","","","","","","","8800.0","","","決済手続/稟議中","2026-06-02","","","",""
"","INVALID_OR_NULL_FOR_RESTRICTED_PICKLIST:ステージ: 制限つき選択リスト項目の値が不適切: お打ち合わせセッティング完了:StageName__c --","株式会社フューチャースケッチ","0.0","","","","","","","","0.0","","","お打ち合わせセッティング完了","","","","",""
"","INVALID_OR_NULL_FOR_RESTRICTED_PICKLIST:ステージ: 制限つき選択リスト項目の値が不適切: お打ち合わせセッティング完了:StageName__c --","株式会社エリオクリエイト","105600.0","","","","","","","","8800.0","","","お打ち合わせセッティング完了","2026-06-03","","","",""
"","INVALID_OR_NULL_FOR_RESTRICTED_PICKLIST:ステージ: 制限つき選択リスト項目の値が不適切: アップセル仮説成立:StageName__c --","デザインアーク","0.0","","","","","","","","0.0","","","アップセル仮説成立","","","","",""
"","INVALID_OR_NULL_FOR_RESTRICTED_PICKLIST:ステージ: 制限つき選択リスト項目の値が不適切: 社内検討中:StageName__c --","Shiny’s Creative","0.0","","","","","","","","0.0","","","社内検討中","","","","",""
"","INVALID_OR_NULL_FOR_RESTRICTED_PICKLIST:ステージ: 制限つき選択リスト項目の値が不適切: お打ち合わせセッティング完了:StageName__c --","asazu design office","105600.0","","","","","","","","8800.0","","","お打ち合わせセッティング完了","","","","",""
"","INVALID_OR_NULL_FOR_RESTRICTED_PICKLIST:ステージ: 制限つき選択リスト項目の値が不適切: S1 導入直後:StageName__c --","デザインアーク（大阪）","900000.0","","","","","","","","75000.0","","","S1 導入直後","","","","",""
"","INVALID_OR_NULL_FOR_RESTRICTED_PICKLIST:ステージ: 制限つき選択リスト項目の値が不適切: 社内検討中:StageName__c --","株式会社ウチダシステムズ","0.0","","","","","","","","0.0","","","社内検討中","","","","",""
"","INVALID_OR_NULL_FOR_RESTRICTED_PICKLIST:ステージ: 制限つき選択リスト項目の値が不適切: お打ち合わせセッティング完了:StageName__c --","株式会社エルシード","105600.0","","","","","","","","8800.0","","","お打ち合わせセッティング完了","2026-06-03","","","",""
"","INVALID_OR_NULL_FOR_RESTRICTED_PICKLIST:ステージ: 制限つき選択リスト項目の値が不適切: お打ち合わせセッティング完了:StageName__c --","あおぞら工務店株式会社","0.0","","","","","","","","0.0","","","お打ち合わせセッティング完了","","","","",""
"","INVALID_OR_NULL_FOR_RESTRICTED_PICKLIST:ステージ: 制限つき選択リスト項目の値が不適切: お打ち合わせセッティング完了:StageName__c --","株式会社MONO-GRAPH","0.0","","","","","","","","0.0","2026-06-04","","お打ち合わせセッティング完了","","","","",""
"","INVALID_OR_NULL_FOR_RESTRICTED_PICKLIST:ステージ: 制限つき選択リスト項目の値が不適切: お打ち合わせセッティング完了:StageName__c --","株式会社グレート","0.0","","","","","","","","0.0","2026-06-19","","お打ち合わせセッティング完了","","","","",""
"","INVALID_OR_NULL_FOR_RESTRICTED_PICKLIST:ステージ: 制限つき選択リスト項目の値が不適切: お打ち合わせセッティング完了:StageName__c --","株式会社インテリジェントフォース","0.0","","","","","","","","0.0","2026-06-19","","お打ち合わせセッティング完了","","","","",""
"","INVALID_OR_NULL_FOR_RESTRICTED_PICKLIST:ステージ: 制限つき選択リスト項目の値が不適切: お打ち合わせセッティング完了:StageName__c --","株式会社TwinCompany","0.0","","","","","","","","0.0","","","お打ち合わせセッティング完了","","","","",""
"","INVALID_OR_NULL_FOR_RESTRICTED_PICKLIST:ステージ: 制限つき選択リスト項目の値が不適切: 社内検討中:StageName__c --","blanco graphics","0.0","","","","","","","","0.0","","","社内検討中","","","","",""
"","INVALID_OR_NULL_FOR_RESTRICTED_PICKLIST:ステージ: 制限つき選択リスト項目の値が不適切: お打ち合わせセッティング完了:StageName__c --","Tofu 設計事務所","0.0","","","","","","","","0.0","","","お打ち合わせセッティング完了","","","","",""
"","INVALID_OR_NULL_FOR_RESTRICTED_PICKLIST:ステージ: 制限つき選択リスト項目の値が不適切: お打ち合わせセッティング完了:StageName__c --","カリコ株式会社","0.0","","","","","","","","0.0","","","お打ち合わせセッティング完了","","","","",""
"","INVALID_OR_NULL_FOR_RESTRICTED_PICKLIST:ステージ: 制限つき選択リスト項目の値が不適切: 社内検討中:StageName__c --","株式会社ローザ","132000.0","","","","","2026-07-01","","","11000.0","","","社内検討中","","","","",""
